,Date,Media Sources,Negative,Neutral,Positive,Source Account,Tweet Polarity,Tweets Ago
0,Wed Jan 10 22:00:01 +0000 2018,@OPECnews,0.0,1.0,0.0,GasBuddy,0.0,1
1,Tue Jan 09 10:39:31 +0000 2018,@OPECnews,0.0,1.0,0.0,Modinama,0.0,2
2,Tue Jan 09 09:22:02 +0000 2018,@OPECnews,0.0,1.0,0.0,Modinama,0.0,3
3,Sun Jan 07 13:04:22 +0000 2018,@OPECnews,0.0,1.0,0.0,OPEC News,0.0,4
4,Fri Jan 05 06:41:47 +0000 2018,@OPECnews,0.0,0.863,0.137,The Economist,0.4019,5
5,Fri Jan 05 06:38:54 +0000 2018,@OPECnews,0.0,0.901,0.099,OPEC News,0.3182,6
6,Fri Jan 05 06:37:57 +0000 2018,@OPECnews,0.0,0.811,0.189,OPEC News,0.5994,7
7,Fri Jan 05 06:36:46 +0000 2018,@OPECnews,0.0,0.948,0.052,OPEC News,0.0382,8
8,Thu Jan 04 06:57:14 +0000 2018,@OPECnews,0.0,0.842,0.158,Gulf Intelligence,0.4939,9
9,Wed Jan 10 22:00:01 +0000 2018,@OPECnews,0.0,1.0,0.0,GasBuddy,0.0,10
10,Tue Jan 09 10:39:31 +0000 2018,@OPECnews,0.0,1.0,0.0,Modinama,0.0,11
11,Tue Jan 09 09:22:02 +0000 2018,@OPECnews,0.0,1.0,0.0,Modinama,0.0,12
12,Sun Jan 07 13:04:22 +0000 2018,@OPECnews,0.0,1.0,0.0,OPEC News,0.0,13
13,Fri Jan 05 06:41:47 +0000 2018,@OPECnews,0.0,0.863,0.137,The Economist,0.4019,14
14,Fri Jan 05 06:38:54 +0000 2018,@OPECnews,0.0,0.901,0.099,OPEC News,0.3182,15
15,Fri Jan 05 06:37:57 +0000 2018,@OPECnews,0.0,0.811,0.189,OPEC News,0.5994,16
16,Fri Jan 05 06:36:46 +0000 2018,@OPECnews,0.0,0.948,0.052,OPEC News,0.0382,17
17,Thu Jan 04 06:57:14 +0000 2018,@OPECnews,0.0,0.842,0.158,Gulf Intelligence,0.4939,18
18,Wed Jan 10 22:00:01 +0000 2018,@OPECnews,0.0,1.0,0.0,GasBuddy,0.0,19
19,Tue Jan 09 10:39:31 +0000 2018,@OPECnews,0.0,1.0,0.0,Modinama,0.0,20
20,Tue Jan 09 09:22:02 +0000 2018,@OPECnews,0.0,1.0,0.0,Modinama,0.0,21
21,Sun Jan 07 13:04:22 +0000 2018,@OPECnews,0.0,1.0,0.0,OPEC News,0.0,22
22,Fri Jan 05 06:41:47 +0000 2018,@OPECnews,0.0,0.863,0.137,The Economist,0.4019,23
23,Fri Jan 05 06:38:54 +0000 2018,@OPECnews,0.0,0.901,0.099,OPEC News,0.3182,24
24,Fri Jan 05 06:37:57 +0000 2018,@OPECnews,0.0,0.811,0.189,OPEC News,0.5994,25
25,Fri Jan 05 06:36:46 +0000 2018,@OPECnews,0.0,0.948,0.052,OPEC News,0.0382,26
26,Thu Jan 04 06:57:14 +0000 2018,@OPECnews,0.0,0.842,0.158,Gulf Intelligence,0.4939,27
27,Wed Jan 10 22:00:01 +0000 2018,@OPECnews,0.0,1.0,0.0,GasBuddy,0.0,28
28,Tue Jan 09 10:39:31 +0000 2018,@OPECnews,0.0,1.0,0.0,Modinama,0.0,29
29,Tue Jan 09 09:22:02 +0000 2018,@OPECnews,0.0,1.0,0.0,Modinama,0.0,30
30,Sun Jan 07 13:04:22 +0000 2018,@OPECnews,0.0,1.0,0.0,OPEC News,0.0,31
31,Fri Jan 05 06:41:47 +0000 2018,@OPECnews,0.0,0.863,0.137,The Economist,0.4019,32
32,Fri Jan 05 06:38:54 +0000 2018,@OPECnews,0.0,0.901,0.099,OPEC News,0.3182,33
33,Fri Jan 05 06:37:57 +0000 2018,@OPECnews,0.0,0.811,0.189,OPEC News,0.5994,34
34,Fri Jan 05 06:36:46 +0000 2018,@OPECnews,0.0,0.948,0.052,OPEC News,0.0382,35
35,Thu Jan 04 06:57:14 +0000 2018,@OPECnews,0.0,0.842,0.158,Gulf Intelligence,0.4939,36
36,Wed Jan 10 22:00:01 +0000 2018,@OPECnews,0.0,1.0,0.0,GasBuddy,0.0,37
37,Tue Jan 09 10:39:31 +0000 2018,@OPECnews,0.0,1.0,0.0,Modinama,0.0,38
38,Tue Jan 09 09:22:02 +0000 2018,@OPECnews,0.0,1.0,0.0,Modinama,0.0,39
39,Sun Jan 07 13:04:22 +0000 2018,@OPECnews,0.0,1.0,0.0,OPEC News,0.0,40
40,Fri Jan 05 06:41:47 +0000 2018,@OPECnews,0.0,0.863,0.137,The Economist,0.4019,41
41,Fri Jan 05 06:38:54 +0000 2018,@OPECnews,0.0,0.901,0.099,OPEC News,0.3182,42
42,Fri Jan 05 06:37:57 +0000 2018,@OPECnews,0.0,0.811,0.189,OPEC News,0.5994,43
43,Fri Jan 05 06:36:46 +0000 2018,@OPECnews,0.0,0.948,0.052,OPEC News,0.0382,44
44,Thu Jan 04 06:57:14 +0000 2018,@OPECnews,0.0,0.842,0.158,Gulf Intelligence,0.4939,45
45,Wed Jan 10 22:00:01 +0000 2018,@OPECnews,0.0,1.0,0.0,GasBuddy,0.0,46
46,Tue Jan 09 10:39:31 +0000 2018,@OPECnews,0.0,1.0,0.0,Modinama,0.0,47
47,Tue Jan 09 09:22:02 +0000 2018,@OPECnews,0.0,1.0,0.0,Modinama,0.0,48
48,Sun Jan 07 13:04:22 +0000 2018,@OPECnews,0.0,1.0,0.0,OPEC News,0.0,49
49,Fri Jan 05 06:41:47 +0000 2018,@OPECnews,0.0,0.863,0.137,The Economist,0.4019,50
50,Fri Jan 05 06:38:54 +0000 2018,@OPECnews,0.0,0.901,0.099,OPEC News,0.3182,51
51,Fri Jan 05 06:37:57 +0000 2018,@OPECnews,0.0,0.811,0.189,OPEC News,0.5994,52
52,Fri Jan 05 06:36:46 +0000 2018,@OPECnews,0.0,0.948,0.052,OPEC News,0.0382,53
53,Thu Jan 04 06:57:14 +0000 2018,@OPECnews,0.0,0.842,0.158,Gulf Intelligence,0.4939,54
54,Wed Jan 10 22:00:01 +0000 2018,@OPECnews,0.0,1.0,0.0,GasBuddy,0.0,55
55,Tue Jan 09 10:39:31 +0000 2018,@OPECnews,0.0,1.0,0.0,Modinama,0.0,56
56,Tue Jan 09 09:22:02 +0000 2018,@OPECnews,0.0,1.0,0.0,Modinama,0.0,57
57,Sun Jan 07 13:04:22 +0000 2018,@OPECnews,0.0,1.0,0.0,OPEC News,0.0,58
58,Fri Jan 05 06:41:47 +0000 2018,@OPECnews,0.0,0.863,0.137,The Economist,0.4019,59
59,Fri Jan 05 06:38:54 +0000 2018,@OPECnews,0.0,0.901,0.099,OPEC News,0.3182,60
60,Fri Jan 05 06:37:57 +0000 2018,@OPECnews,0.0,0.811,0.189,OPEC News,0.5994,61
61,Fri Jan 05 06:36:46 +0000 2018,@OPECnews,0.0,0.948,0.052,OPEC News,0.0382,62
62,Thu Jan 04 06:57:14 +0000 2018,@OPECnews,0.0,0.842,0.158,Gulf Intelligence,0.4939,63
63,Wed Jan 10 22:00:01 +0000 2018,@OPECnews,0.0,1.0,0.0,GasBuddy,0.0,64
64,Tue Jan 09 10:39:31 +0000 2018,@OPECnews,0.0,1.0,0.0,Modinama,0.0,65
65,Tue Jan 09 09:22:02 +0000 2018,@OPECnews,0.0,1.0,0.0,Modinama,0.0,66
66,Sun Jan 07 13:04:22 +0000 2018,@OPECnews,0.0,1.0,0.0,OPEC News,0.0,67
67,Fri Jan 05 06:41:47 +0000 2018,@OPECnews,0.0,0.863,0.137,The Economist,0.4019,68
68,Fri Jan 05 06:38:54 +0000 2018,@OPECnews,0.0,0.901,0.099,OPEC News,0.3182,69
69,Fri Jan 05 06:37:57 +0000 2018,@OPECnews,0.0,0.811,0.189,OPEC News,0.5994,70
70,Fri Jan 05 06:36:46 +0000 2018,@OPECnews,0.0,0.948,0.052,OPEC News,0.0382,71
71,Thu Jan 04 06:57:14 +0000 2018,@OPECnews,0.0,0.842,0.158,Gulf Intelligence,0.4939,72
72,Wed Jan 10 22:00:01 +0000 2018,@OPECnews,0.0,1.0,0.0,GasBuddy,0.0,73
73,Tue Jan 09 10:39:31 +0000 2018,@OPECnews,0.0,1.0,0.0,Modinama,0.0,74
74,Tue Jan 09 09:22:02 +0000 2018,@OPECnews,0.0,1.0,0.0,Modinama,0.0,75
75,Sun Jan 07 13:04:22 +0000 2018,@OPECnews,0.0,1.0,0.0,OPEC News,0.0,76
76,Fri Jan 05 06:41:47 +0000 2018,@OPECnews,0.0,0.863,0.137,The Economist,0.4019,77
77,Fri Jan 05 06:38:54 +0000 2018,@OPECnews,0.0,0.901,0.099,OPEC News,0.3182,78
78,Fri Jan 05 06:37:57 +0000 2018,@OPECnews,0.0,0.811,0.189,OPEC News,0.5994,79
79,Fri Jan 05 06:36:46 +0000 2018,@OPECnews,0.0,0.948,0.052,OPEC News,0.0382,80
80,Thu Jan 04 06:57:14 +0000 2018,@OPECnews,0.0,0.842,0.158,Gulf Intelligence,0.4939,81
81,Wed Jan 10 22:00:01 +0000 2018,@OPECnews,0.0,1.0,0.0,GasBuddy,0.0,82
82,Tue Jan 09 10:39:31 +0000 2018,@OPECnews,0.0,1.0,0.0,Modinama,0.0,83
83,Tue Jan 09 09:22:02 +0000 2018,@OPECnews,0.0,1.0,0.0,Modinama,0.0,84
84,Sun Jan 07 13:04:22 +0000 2018,@OPECnews,0.0,1.0,0.0,OPEC News,0.0,85
85,Fri Jan 05 06:41:47 +0000 2018,@OPECnews,0.0,0.863,0.137,The Economist,0.4019,86
86,Fri Jan 05 06:38:54 +0000 2018,@OPECnews,0.0,0.901,0.099,OPEC News,0.3182,87
87,Fri Jan 05 06:37:57 +0000 2018,@OPECnews,0.0,0.811,0.189,OPEC News,0.5994,88
88,Fri Jan 05 06:36:46 +0000 2018,@OPECnews,0.0,0.948,0.052,OPEC News,0.0382,89
89,Thu Jan 04 06:57:14 +0000 2018,@OPECnews,0.0,0.842,0.158,Gulf Intelligence,0.4939,90
90,Wed Jan 10 22:00:01 +0000 2018,@OPECnews,0.0,1.0,0.0,GasBuddy,0.0,91
91,Tue Jan 09 10:39:31 +0000 2018,@OPECnews,0.0,1.0,0.0,Modinama,0.0,92
92,Tue Jan 09 09:22:02 +0000 2018,@OPECnews,0.0,1.0,0.0,Modinama,0.0,93
93,Sun Jan 07 13:04:22 +0000 2018,@OPECnews,0.0,1.0,0.0,OPEC News,0.0,94
94,Fri Jan 05 06:41:47 +0000 2018,@OPECnews,0.0,0.863,0.137,The Economist,0.4019,95
95,Fri Jan 05 06:38:54 +0000 2018,@OPECnews,0.0,0.901,0.099,OPEC News,0.3182,96
96,Fri Jan 05 06:37:57 +0000 2018,@OPECnews,0.0,0.811,0.189,OPEC News,0.5994,97
97,Fri Jan 05 06:36:46 +0000 2018,@OPECnews,0.0,0.948,0.052,OPEC News,0.0382,98
98,Thu Jan 04 06:57:14 +0000 2018,@OPECnews,0.0,0.842,0.158,Gulf Intelligence,0.4939,99
99,Wed Jan 10 22:00:01 +0000 2018,@OPECnews,0.0,1.0,0.0,GasBuddy,0.0,100
100,Tue Jan 09 10:39:31 +0000 2018,@OPECnews,0.0,1.0,0.0,Modinama,0.0,101
101,Tue Jan 09 09:22:02 +0000 2018,@OPECnews,0.0,1.0,0.0,Modinama,0.0,102
102,Sun Jan 07 13:04:22 +0000 2018,@OPECnews,0.0,1.0,0.0,OPEC News,0.0,103
103,Fri Jan 05 06:41:47 +0000 2018,@OPECnews,0.0,0.863,0.137,The Economist,0.4019,104
104,Fri Jan 05 06:38:54 +0000 2018,@OPECnews,0.0,0.901,0.099,OPEC News,0.3182,105
105,Fri Jan 05 06:37:57 +0000 2018,@OPECnews,0.0,0.811,0.189,OPEC News,0.5994,106
106,Fri Jan 05 06:36:46 +0000 2018,@OPECnews,0.0,0.948,0.052,OPEC News,0.0382,107
107,Thu Jan 04 06:57:14 +0000 2018,@OPECnews,0.0,0.842,0.158,Gulf Intelligence,0.4939,108
108,Wed Jan 10 22:00:01 +0000 2018,@OPECnews,0.0,1.0,0.0,GasBuddy,0.0,109
109,Tue Jan 09 10:39:31 +0000 2018,@OPECnews,0.0,1.0,0.0,Modinama,0.0,110
110,Tue Jan 09 09:22:02 +0000 2018,@OPECnews,0.0,1.0,0.0,Modinama,0.0,111
111,Sun Jan 07 13:04:22 +0000 2018,@OPECnews,0.0,1.0,0.0,OPEC News,0.0,112
112,Fri Jan 05 06:41:47 +0000 2018,@OPECnews,0.0,0.863,0.137,The Economist,0.4019,113
113,Fri Jan 05 06:38:54 +0000 2018,@OPECnews,0.0,0.901,0.099,OPEC News,0.3182,114
114,Fri Jan 05 06:37:57 +0000 2018,@OPECnews,0.0,0.811,0.189,OPEC News,0.5994,115
115,Fri Jan 05 06:36:46 +0000 2018,@OPECnews,0.0,0.948,0.052,OPEC News,0.0382,116
116,Thu Jan 04 06:57:14 +0000 2018,@OPECnews,0.0,0.842,0.158,Gulf Intelligence,0.4939,117
117,Wed Jan 10 22:00:01 +0000 2018,@OPECnews,0.0,1.0,0.0,GasBuddy,0.0,118
118,Tue Jan 09 10:39:31 +0000 2018,@OPECnews,0.0,1.0,0.0,Modinama,0.0,119
119,Tue Jan 09 09:22:02 +0000 2018,@OPECnews,0.0,1.0,0.0,Modinama,0.0,120
120,Sun Jan 07 13:04:22 +0000 2018,@OPECnews,0.0,1.0,0.0,OPEC News,0.0,121
121,Fri Jan 05 06:41:47 +0000 2018,@OPECnews,0.0,0.863,0.137,The Economist,0.4019,122
122,Fri Jan 05 06:38:54 +0000 2018,@OPECnews,0.0,0.901,0.099,OPEC News,0.3182,123
123,Fri Jan 05 06:37:57 +0000 2018,@OPECnews,0.0,0.811,0.189,OPEC News,0.5994,124
124,Fri Jan 05 06:36:46 +0000 2018,@OPECnews,0.0,0.948,0.052,OPEC News,0.0382,125
125,Thu Jan 04 06:57:14 +0000 2018,@OPECnews,0.0,0.842,0.158,Gulf Intelligence,0.4939,126
126,Wed Jan 10 22:00:01 +0000 2018,@OPECnews,0.0,1.0,0.0,GasBuddy,0.0,127
127,Tue Jan 09 10:39:31 +0000 2018,@OPECnews,0.0,1.0,0.0,Modinama,0.0,128
128,Tue Jan 09 09:22:02 +0000 2018,@OPECnews,0.0,1.0,0.0,Modinama,0.0,129
129,Sun Jan 07 13:04:22 +0000 2018,@OPECnews,0.0,1.0,0.0,OPEC News,0.0,130
130,Fri Jan 05 06:41:47 +0000 2018,@OPECnews,0.0,0.863,0.137,The Economist,0.4019,131
131,Fri Jan 05 06:38:54 +0000 2018,@OPECnews,0.0,0.901,0.099,OPEC News,0.3182,132
132,Fri Jan 05 06:37:57 +0000 2018,@OPECnews,0.0,0.811,0.189,OPEC News,0.5994,133
133,Fri Jan 05 06:36:46 +0000 2018,@OPECnews,0.0,0.948,0.052,OPEC News,0.0382,134
134,Thu Jan 04 06:57:14 +0000 2018,@OPECnews,0.0,0.842,0.158,Gulf Intelligence,0.4939,135
135,Wed Jan 10 22:00:01 +0000 2018,@OPECnews,0.0,1.0,0.0,GasBuddy,0.0,136
136,Tue Jan 09 10:39:31 +0000 2018,@OPECnews,0.0,1.0,0.0,Modinama,0.0,137
137,Tue Jan 09 09:22:02 +0000 2018,@OPECnews,0.0,1.0,0.0,Modinama,0.0,138
138,Sun Jan 07 13:04:22 +0000 2018,@OPECnews,0.0,1.0,0.0,OPEC News,0.0,139
139,Fri Jan 05 06:41:47 +0000 2018,@OPECnews,0.0,0.863,0.137,The Economist,0.4019,140
140,Fri Jan 05 06:38:54 +0000 2018,@OPECnews,0.0,0.901,0.099,OPEC News,0.3182,141
141,Fri Jan 05 06:37:57 +0000 2018,@OPECnews,0.0,0.811,0.189,OPEC News,0.5994,142
142,Fri Jan 05 06:36:46 +0000 2018,@OPECnews,0.0,0.948,0.052,OPEC News,0.0382,143
143,Thu Jan 04 06:57:14 +0000 2018,@OPECnews,0.0,0.842,0.158,Gulf Intelligence,0.4939,144
144,Wed Jan 10 22:00:01 +0000 2018,@OPECnews,0.0,1.0,0.0,GasBuddy,0.0,145
145,Tue Jan 09 10:39:31 +0000 2018,@OPECnews,0.0,1.0,0.0,Modinama,0.0,146
146,Tue Jan 09 09:22:02 +0000 2018,@OPECnews,0.0,1.0,0.0,Modinama,0.0,147
147,Sun Jan 07 13:04:22 +0000 2018,@OPECnews,0.0,1.0,0.0,OPEC News,0.0,148
148,Fri Jan 05 06:41:47 +0000 2018,@OPECnews,0.0,0.863,0.137,The Economist,0.4019,149
149,Fri Jan 05 06:38:54 +0000 2018,@OPECnews,0.0,0.901,0.099,OPEC News,0.3182,150
150,Fri Jan 05 06:37:57 +0000 2018,@OPECnews,0.0,0.811,0.189,OPEC News,0.5994,151
151,Fri Jan 05 06:36:46 +0000 2018,@OPECnews,0.0,0.948,0.052,OPEC News,0.0382,152
152,Thu Jan 04 06:57:14 +0000 2018,@OPECnews,0.0,0.842,0.158,Gulf Intelligence,0.4939,153
153,Wed Jan 10 22:00:01 +0000 2018,@OPECnews,0.0,1.0,0.0,GasBuddy,0.0,154
154,Tue Jan 09 10:39:31 +0000 2018,@OPECnews,0.0,1.0,0.0,Modinama,0.0,155
155,Tue Jan 09 09:22:02 +0000 2018,@OPECnews,0.0,1.0,0.0,Modinama,0.0,156
156,Sun Jan 07 13:04:22 +0000 2018,@OPECnews,0.0,1.0,0.0,OPEC News,0.0,157
157,Fri Jan 05 06:41:47 +0000 2018,@OPECnews,0.0,0.863,0.137,The Economist,0.4019,158
158,Fri Jan 05 06:38:54 +0000 2018,@OPECnews,0.0,0.901,0.099,OPEC News,0.3182,159
159,Fri Jan 05 06:37:57 +0000 2018,@OPECnews,0.0,0.811,0.189,OPEC News,0.5994,160
160,Fri Jan 05 06:36:46 +0000 2018,@OPECnews,0.0,0.948,0.052,OPEC News,0.0382,161
161,Thu Jan 04 06:57:14 +0000 2018,@OPECnews,0.0,0.842,0.158,Gulf Intelligence,0.4939,162
162,Wed Jan 10 22:00:01 +0000 2018,@OPECnews,0.0,1.0,0.0,GasBuddy,0.0,163
163,Tue Jan 09 10:39:31 +0000 2018,@OPECnews,0.0,1.0,0.0,Modinama,0.0,164
164,Tue Jan 09 09:22:02 +0000 2018,@OPECnews,0.0,1.0,0.0,Modinama,0.0,165
165,Sun Jan 07 13:04:22 +0000 2018,@OPECnews,0.0,1.0,0.0,OPEC News,0.0,166
166,Fri Jan 05 06:41:47 +0000 2018,@OPECnews,0.0,0.863,0.137,The Economist,0.4019,167
167,Fri Jan 05 06:38:54 +0000 2018,@OPECnews,0.0,0.901,0.099,OPEC News,0.3182,168
168,Fri Jan 05 06:37:57 +0000 2018,@OPECnews,0.0,0.811,0.189,OPEC News,0.5994,169
169,Fri Jan 05 06:36:46 +0000 2018,@OPECnews,0.0,0.948,0.052,OPEC News,0.0382,170
170,Thu Jan 04 06:57:14 +0000 2018,@OPECnews,0.0,0.842,0.158,Gulf Intelligence,0.4939,171
171,Wed Jan 10 22:00:01 +0000 2018,@OPECnews,0.0,1.0,0.0,GasBuddy,0.0,172
172,Tue Jan 09 10:39:31 +0000 2018,@OPECnews,0.0,1.0,0.0,Modinama,0.0,173
173,Tue Jan 09 09:22:02 +0000 2018,@OPECnews,0.0,1.0,0.0,Modinama,0.0,174
174,Sun Jan 07 13:04:22 +0000 2018,@OPECnews,0.0,1.0,0.0,OPEC News,0.0,175
175,Fri Jan 05 06:41:47 +0000 2018,@OPECnews,0.0,0.863,0.137,The Economist,0.4019,176
176,Fri Jan 05 06:38:54 +0000 2018,@OPECnews,0.0,0.901,0.099,OPEC News,0.3182,177
177,Fri Jan 05 06:37:57 +0000 2018,@OPECnews,0.0,0.811,0.189,OPEC News,0.5994,178
178,Fri Jan 05 06:36:46 +0000 2018,@OPECnews,0.0,0.948,0.052,OPEC News,0.0382,179
179,Thu Jan 04 06:57:14 +0000 2018,@OPECnews,0.0,0.842,0.158,Gulf Intelligence,0.4939,180
180,Thu Jan 11 02:04:47 +0000 2018,@Shell,0.0,0.859,0.141,Dean Stan Blade ðŸ‡¨ðŸ‡¦,0.4215,1
181,Thu Jan 11 02:03:08 +0000 2018,@Shell,0.116,0.83,0.054,Bill de Blasio,-0.3578,2
182,Thu Jan 11 01:45:20 +0000 2018,@Shell,0.0,1.0,0.0,KTVU,0.0,3
183,Thu Jan 11 01:44:18 +0000 2018,@Shell,0.0,1.0,0.0,Dallas Goldtooth,0.0,4
184,Thu Jan 11 01:08:26 +0000 2018,@Shell,0.0,0.809,0.191,Shell,0.5423,5
185,Thu Jan 11 01:01:10 +0000 2018,@Shell,0.104,0.896,0.0,Chevron,-0.296,6
186,Wed Jan 10 23:36:44 +0000 2018,@Shell,0.0,1.0,0.0,Kashish Das Shrestha,0.0,7
187,Wed Jan 10 23:16:04 +0000 2018,@Shell,0.0,0.695,0.305,Heriot-Watt IPE,0.7845,8
188,Wed Jan 10 23:13:47 +0000 2018,@Shell,0.136,0.864,0.0,Shell,-0.296,9
189,Wed Jan 10 23:09:27 +0000 2018,@Shell,0.0,1.0,0.0,Shell,0.0,10
190,Wed Jan 10 23:07:27 +0000 2018,@Shell,0.0,0.774,0.226,Atiya Jaffar,0.6739,11
191,Wed Jan 10 22:53:43 +0000 2018,@Shell,0.122,0.878,0.0,Fossil Free Culture,-0.3612,12
192,Wed Jan 10 22:48:00 +0000 2018,@Shell,0.0,1.0,0.0,Shell,0.0,13
193,Wed Jan 10 22:43:42 +0000 2018,@Shell,0.0,0.774,0.226,Atiya Jaffar,0.6739,14
194,Wed Jan 10 22:41:29 +0000 2018,@Shell,0.094,0.726,0.179,Bill de Blasio,0.4588,15
195,Wed Jan 10 22:31:09 +0000 2018,@Shell,0.0,0.774,0.226,Atiya Jaffar,0.6739,16
196,Wed Jan 10 22:24:09 +0000 2018,@Shell,0.0,1.0,0.0,Shell,0.0,17
197,Wed Jan 10 22:23:49 +0000 2018,@Shell,0.0,1.0,0.0,Frank KÃ¶rver,0.0,18
198,Wed Jan 10 22:11:28 +0000 2018,@Shell,0.0,0.685,0.315,Leonardo DiCaprio,0.8327,19
199,Wed Jan 10 22:10:17 +0000 2018,@Shell,0.0,0.744,0.256,lenay,0.784,20
200,Wed Jan 10 22:08:04 +0000 2018,@Shell,0.104,0.896,0.0,C40 Cities,-0.296,21
201,Wed Jan 10 22:07:43 +0000 2018,@Shell,0.104,0.896,0.0,Mark Ruffalo,-0.296,22
202,Wed Jan 10 22:03:54 +0000 2018,@Shell,0.232,0.674,0.094,Richard Brooks,-0.5719,23
203,Wed Jan 10 21:56:34 +0000 2018,@Shell,0.123,0.877,0.0,Richard Brooks,-0.2023,24
204,Wed Jan 10 21:51:28 +0000 2018,@Shell,0.0,1.0,0.0,Ron Capps,0.0,25
205,Wed Jan 10 21:42:56 +0000 2018,@Shell,0.0,1.0,0.0,Physical Review Lett,0.0,26
206,Wed Jan 10 21:28:03 +0000 2018,@Shell,0.0,1.0,0.0,Shell,0.0,27
207,Wed Jan 10 21:14:40 +0000 2018,@Shell,0.166,0.834,0.0,Ike Teuling,-0.636,28
208,Wed Jan 10 21:08:02 +0000 2018,@Shell,0.0,0.723,0.277,Shell,0.3182,29
209,Wed Jan 10 21:04:43 +0000 2018,@Shell,0.0,1.0,0.0,Shell,0.0,30
210,Wed Jan 10 20:56:56 +0000 2018,@Shell,0.0,0.746,0.254,DeltaV,0.7783,31
211,Wed Jan 10 20:53:42 +0000 2018,@Shell,0.175,0.732,0.093,Shell,-0.25,32
212,Wed Jan 10 20:45:07 +0000 2018,@Shell,0.109,0.891,0.0,Shell,-0.296,33
213,Wed Jan 10 20:44:23 +0000 2018,@Shell,0.16,0.84,0.0,BP,-0.5859,34
214,Thu Jan 11 02:04:47 +0000 2018,@Shell,0.0,0.859,0.141,Dean Stan Blade ðŸ‡¨ðŸ‡¦,0.4215,35
215,Thu Jan 11 02:03:08 +0000 2018,@Shell,0.116,0.83,0.054,Bill de Blasio,-0.3578,36
216,Thu Jan 11 01:45:20 +0000 2018,@Shell,0.0,1.0,0.0,KTVU,0.0,37
217,Thu Jan 11 01:44:18 +0000 2018,@Shell,0.0,1.0,0.0,Dallas Goldtooth,0.0,38
218,Thu Jan 11 01:08:26 +0000 2018,@Shell,0.0,0.809,0.191,Shell,0.5423,39
219,Thu Jan 11 01:01:10 +0000 2018,@Shell,0.104,0.896,0.0,Chevron,-0.296,40
220,Wed Jan 10 23:36:44 +0000 2018,@Shell,0.0,1.0,0.0,Kashish Das Shrestha,0.0,41
221,Wed Jan 10 23:16:04 +0000 2018,@Shell,0.0,0.695,0.305,Heriot-Watt IPE,0.7845,42
222,Wed Jan 10 23:13:47 +0000 2018,@Shell,0.136,0.864,0.0,Shell,-0.296,43
223,Wed Jan 10 23:09:27 +0000 2018,@Shell,0.0,1.0,0.0,Shell,0.0,44
224,Wed Jan 10 23:07:27 +0000 2018,@Shell,0.0,0.774,0.226,Atiya Jaffar,0.6739,45
225,Wed Jan 10 22:53:43 +0000 2018,@Shell,0.122,0.878,0.0,Fossil Free Culture,-0.3612,46
226,Wed Jan 10 22:48:00 +0000 2018,@Shell,0.0,1.0,0.0,Shell,0.0,47
227,Wed Jan 10 22:43:42 +0000 2018,@Shell,0.0,0.774,0.226,Atiya Jaffar,0.6739,48
228,Wed Jan 10 22:41:29 +0000 2018,@Shell,0.094,0.726,0.179,Bill de Blasio,0.4588,49
229,Wed Jan 10 22:31:09 +0000 2018,@Shell,0.0,0.774,0.226,Atiya Jaffar,0.6739,50
230,Wed Jan 10 22:24:09 +0000 2018,@Shell,0.0,1.0,0.0,Shell,0.0,51
231,Wed Jan 10 22:23:49 +0000 2018,@Shell,0.0,1.0,0.0,Frank KÃ¶rver,0.0,52
232,Wed Jan 10 22:11:28 +0000 2018,@Shell,0.0,0.685,0.315,Leonardo DiCaprio,0.8327,53
233,Wed Jan 10 22:10:17 +0000 2018,@Shell,0.0,0.744,0.256,lenay,0.784,54
234,Wed Jan 10 22:08:04 +0000 2018,@Shell,0.104,0.896,0.0,C40 Cities,-0.296,55
235,Wed Jan 10 22:07:43 +0000 2018,@Shell,0.104,0.896,0.0,Mark Ruffalo,-0.296,56
236,Wed Jan 10 22:03:54 +0000 2018,@Shell,0.232,0.674,0.094,Richard Brooks,-0.5719,57
237,Wed Jan 10 21:56:34 +0000 2018,@Shell,0.123,0.877,0.0,Richard Brooks,-0.2023,58
238,Wed Jan 10 21:51:28 +0000 2018,@Shell,0.0,1.0,0.0,Ron Capps,0.0,59
239,Wed Jan 10 21:42:56 +0000 2018,@Shell,0.0,1.0,0.0,Physical Review Lett,0.0,60
240,Wed Jan 10 21:28:03 +0000 2018,@Shell,0.0,1.0,0.0,Shell,0.0,61
241,Wed Jan 10 21:14:40 +0000 2018,@Shell,0.166,0.834,0.0,Ike Teuling,-0.636,62
242,Wed Jan 10 21:08:02 +0000 2018,@Shell,0.0,0.723,0.277,Shell,0.3182,63
243,Wed Jan 10 21:04:43 +0000 2018,@Shell,0.0,1.0,0.0,Shell,0.0,64
244,Wed Jan 10 20:56:56 +0000 2018,@Shell,0.0,0.746,0.254,DeltaV,0.7783,65
245,Wed Jan 10 20:53:42 +0000 2018,@Shell,0.175,0.732,0.093,Shell,-0.25,66
246,Wed Jan 10 20:45:07 +0000 2018,@Shell,0.109,0.891,0.0,Shell,-0.296,67
247,Wed Jan 10 20:44:23 +0000 2018,@Shell,0.16,0.84,0.0,BP,-0.5859,68
248,Thu Jan 11 02:04:47 +0000 2018,@Shell,0.0,0.859,0.141,Dean Stan Blade ðŸ‡¨ðŸ‡¦,0.4215,69
249,Thu Jan 11 02:03:08 +0000 2018,@Shell,0.116,0.83,0.054,Bill de Blasio,-0.3578,70
250,Thu Jan 11 01:45:20 +0000 2018,@Shell,0.0,1.0,0.0,KTVU,0.0,71
251,Thu Jan 11 01:44:18 +0000 2018,@Shell,0.0,1.0,0.0,Dallas Goldtooth,0.0,72
252,Thu Jan 11 01:08:26 +0000 2018,@Shell,0.0,0.809,0.191,Shell,0.5423,73
253,Thu Jan 11 01:01:10 +0000 2018,@Shell,0.104,0.896,0.0,Chevron,-0.296,74
254,Wed Jan 10 23:36:44 +0000 2018,@Shell,0.0,1.0,0.0,Kashish Das Shrestha,0.0,75
255,Wed Jan 10 23:16:04 +0000 2018,@Shell,0.0,0.695,0.305,Heriot-Watt IPE,0.7845,76
256,Wed Jan 10 23:13:47 +0000 2018,@Shell,0.136,0.864,0.0,Shell,-0.296,77
257,Wed Jan 10 23:09:27 +0000 2018,@Shell,0.0,1.0,0.0,Shell,0.0,78
258,Wed Jan 10 23:07:27 +0000 2018,@Shell,0.0,0.774,0.226,Atiya Jaffar,0.6739,79
259,Wed Jan 10 22:53:43 +0000 2018,@Shell,0.122,0.878,0.0,Fossil Free Culture,-0.3612,80
260,Wed Jan 10 22:48:00 +0000 2018,@Shell,0.0,1.0,0.0,Shell,0.0,81
261,Wed Jan 10 22:43:42 +0000 2018,@Shell,0.0,0.774,0.226,Atiya Jaffar,0.6739,82
262,Wed Jan 10 22:41:29 +0000 2018,@Shell,0.094,0.726,0.179,Bill de Blasio,0.4588,83
263,Wed Jan 10 22:31:09 +0000 2018,@Shell,0.0,0.774,0.226,Atiya Jaffar,0.6739,84
264,Wed Jan 10 22:24:09 +0000 2018,@Shell,0.0,1.0,0.0,Shell,0.0,85
265,Wed Jan 10 22:23:49 +0000 2018,@Shell,0.0,1.0,0.0,Frank KÃ¶rver,0.0,86
266,Wed Jan 10 22:11:28 +0000 2018,@Shell,0.0,0.685,0.315,Leonardo DiCaprio,0.8327,87
267,Wed Jan 10 22:10:17 +0000 2018,@Shell,0.0,0.744,0.256,lenay,0.784,88
268,Wed Jan 10 22:08:04 +0000 2018,@Shell,0.104,0.896,0.0,C40 Cities,-0.296,89
269,Wed Jan 10 22:07:43 +0000 2018,@Shell,0.104,0.896,0.0,Mark Ruffalo,-0.296,90
270,Wed Jan 10 22:03:54 +0000 2018,@Shell,0.232,0.674,0.094,Richard Brooks,-0.5719,91
271,Wed Jan 10 21:56:34 +0000 2018,@Shell,0.123,0.877,0.0,Richard Brooks,-0.2023,92
272,Wed Jan 10 21:51:28 +0000 2018,@Shell,0.0,1.0,0.0,Ron Capps,0.0,93
273,Wed Jan 10 21:42:56 +0000 2018,@Shell,0.0,1.0,0.0,Physical Review Lett,0.0,94
274,Wed Jan 10 21:28:03 +0000 2018,@Shell,0.0,1.0,0.0,Shell,0.0,95
275,Wed Jan 10 21:14:40 +0000 2018,@Shell,0.166,0.834,0.0,Ike Teuling,-0.636,96
276,Wed Jan 10 21:08:02 +0000 2018,@Shell,0.0,0.723,0.277,Shell,0.3182,97
277,Wed Jan 10 21:04:43 +0000 2018,@Shell,0.0,1.0,0.0,Shell,0.0,98
278,Wed Jan 10 20:56:56 +0000 2018,@Shell,0.0,0.746,0.254,DeltaV,0.7783,99
279,Wed Jan 10 20:53:42 +0000 2018,@Shell,0.175,0.732,0.093,Shell,-0.25,100
280,Wed Jan 10 20:45:07 +0000 2018,@Shell,0.109,0.891,0.0,Shell,-0.296,101
281,Wed Jan 10 20:44:23 +0000 2018,@Shell,0.16,0.84,0.0,BP,-0.5859,102
282,Thu Jan 11 02:04:47 +0000 2018,@Shell,0.0,0.859,0.141,Dean Stan Blade ðŸ‡¨ðŸ‡¦,0.4215,103
283,Thu Jan 11 02:03:08 +0000 2018,@Shell,0.116,0.83,0.054,Bill de Blasio,-0.3578,104
284,Thu Jan 11 01:45:20 +0000 2018,@Shell,0.0,1.0,0.0,KTVU,0.0,105
285,Thu Jan 11 01:44:18 +0000 2018,@Shell,0.0,1.0,0.0,Dallas Goldtooth,0.0,106
286,Thu Jan 11 01:08:26 +0000 2018,@Shell,0.0,0.809,0.191,Shell,0.5423,107
287,Thu Jan 11 01:01:10 +0000 2018,@Shell,0.104,0.896,0.0,Chevron,-0.296,108
288,Wed Jan 10 23:36:44 +0000 2018,@Shell,0.0,1.0,0.0,Kashish Das Shrestha,0.0,109
289,Wed Jan 10 23:16:04 +0000 2018,@Shell,0.0,0.695,0.305,Heriot-Watt IPE,0.7845,110
290,Wed Jan 10 23:13:47 +0000 2018,@Shell,0.136,0.864,0.0,Shell,-0.296,111
291,Wed Jan 10 23:09:27 +0000 2018,@Shell,0.0,1.0,0.0,Shell,0.0,112
292,Wed Jan 10 23:07:27 +0000 2018,@Shell,0.0,0.774,0.226,Atiya Jaffar,0.6739,113
293,Wed Jan 10 22:53:43 +0000 2018,@Shell,0.122,0.878,0.0,Fossil Free Culture,-0.3612,114
294,Wed Jan 10 22:48:00 +0000 2018,@Shell,0.0,1.0,0.0,Shell,0.0,115
295,Wed Jan 10 22:43:42 +0000 2018,@Shell,0.0,0.774,0.226,Atiya Jaffar,0.6739,116
296,Wed Jan 10 22:41:29 +0000 2018,@Shell,0.094,0.726,0.179,Bill de Blasio,0.4588,117
297,Wed Jan 10 22:31:09 +0000 2018,@Shell,0.0,0.774,0.226,Atiya Jaffar,0.6739,118
298,Wed Jan 10 22:24:09 +0000 2018,@Shell,0.0,1.0,0.0,Shell,0.0,119
299,Wed Jan 10 22:23:49 +0000 2018,@Shell,0.0,1.0,0.0,Frank KÃ¶rver,0.0,120
300,Wed Jan 10 22:11:28 +0000 2018,@Shell,0.0,0.685,0.315,Leonardo DiCaprio,0.8327,121
301,Wed Jan 10 22:10:17 +0000 2018,@Shell,0.0,0.744,0.256,lenay,0.784,122
302,Wed Jan 10 22:08:04 +0000 2018,@Shell,0.104,0.896,0.0,C40 Cities,-0.296,123
303,Wed Jan 10 22:07:43 +0000 2018,@Shell,0.104,0.896,0.0,Mark Ruffalo,-0.296,124
304,Wed Jan 10 22:03:54 +0000 2018,@Shell,0.232,0.674,0.094,Richard Brooks,-0.5719,125
305,Wed Jan 10 21:56:34 +0000 2018,@Shell,0.123,0.877,0.0,Richard Brooks,-0.2023,126
306,Wed Jan 10 21:51:28 +0000 2018,@Shell,0.0,1.0,0.0,Ron Capps,0.0,127
307,Wed Jan 10 21:42:56 +0000 2018,@Shell,0.0,1.0,0.0,Physical Review Lett,0.0,128
308,Wed Jan 10 21:28:03 +0000 2018,@Shell,0.0,1.0,0.0,Shell,0.0,129
309,Wed Jan 10 21:14:40 +0000 2018,@Shell,0.166,0.834,0.0,Ike Teuling,-0.636,130
310,Wed Jan 10 21:08:02 +0000 2018,@Shell,0.0,0.723,0.277,Shell,0.3182,131
311,Wed Jan 10 21:04:43 +0000 2018,@Shell,0.0,1.0,0.0,Shell,0.0,132
312,Wed Jan 10 20:56:56 +0000 2018,@Shell,0.0,0.746,0.254,DeltaV,0.7783,133
313,Wed Jan 10 20:53:42 +0000 2018,@Shell,0.175,0.732,0.093,Shell,-0.25,134
314,Wed Jan 10 20:45:07 +0000 2018,@Shell,0.109,0.891,0.0,Shell,-0.296,135
315,Wed Jan 10 20:44:23 +0000 2018,@Shell,0.16,0.84,0.0,BP,-0.5859,136
316,Thu Jan 11 02:04:47 +0000 2018,@Shell,0.0,0.859,0.141,Dean Stan Blade ðŸ‡¨ðŸ‡¦,0.4215,137
317,Thu Jan 11 02:03:08 +0000 2018,@Shell,0.116,0.83,0.054,Bill de Blasio,-0.3578,138
318,Thu Jan 11 01:45:20 +0000 2018,@Shell,0.0,1.0,0.0,KTVU,0.0,139
319,Thu Jan 11 01:44:18 +0000 2018,@Shell,0.0,1.0,0.0,Dallas Goldtooth,0.0,140
320,Thu Jan 11 01:08:26 +0000 2018,@Shell,0.0,0.809,0.191,Shell,0.5423,141
321,Thu Jan 11 01:01:10 +0000 2018,@Shell,0.104,0.896,0.0,Chevron,-0.296,142
322,Wed Jan 10 23:36:44 +0000 2018,@Shell,0.0,1.0,0.0,Kashish Das Shrestha,0.0,143
323,Wed Jan 10 23:16:04 +0000 2018,@Shell,0.0,0.695,0.305,Heriot-Watt IPE,0.7845,144
324,Wed Jan 10 23:13:47 +0000 2018,@Shell,0.136,0.864,0.0,Shell,-0.296,145
325,Wed Jan 10 23:09:27 +0000 2018,@Shell,0.0,1.0,0.0,Shell,0.0,146
326,Wed Jan 10 23:07:27 +0000 2018,@Shell,0.0,0.774,0.226,Atiya Jaffar,0.6739,147
327,Wed Jan 10 22:53:43 +0000 2018,@Shell,0.122,0.878,0.0,Fossil Free Culture,-0.3612,148
328,Wed Jan 10 22:48:00 +0000 2018,@Shell,0.0,1.0,0.0,Shell,0.0,149
329,Wed Jan 10 22:43:42 +0000 2018,@Shell,0.0,0.774,0.226,Atiya Jaffar,0.6739,150
330,Wed Jan 10 22:41:29 +0000 2018,@Shell,0.094,0.726,0.179,Bill de Blasio,0.4588,151
331,Wed Jan 10 22:31:09 +0000 2018,@Shell,0.0,0.774,0.226,Atiya Jaffar,0.6739,152
332,Wed Jan 10 22:24:09 +0000 2018,@Shell,0.0,1.0,0.0,Shell,0.0,153
333,Wed Jan 10 22:23:49 +0000 2018,@Shell,0.0,1.0,0.0,Frank KÃ¶rver,0.0,154
334,Wed Jan 10 22:11:28 +0000 2018,@Shell,0.0,0.685,0.315,Leonardo DiCaprio,0.8327,155
335,Wed Jan 10 22:10:17 +0000 2018,@Shell,0.0,0.744,0.256,lenay,0.784,156
336,Wed Jan 10 22:08:04 +0000 2018,@Shell,0.104,0.896,0.0,C40 Cities,-0.296,157
337,Wed Jan 10 22:07:43 +0000 2018,@Shell,0.104,0.896,0.0,Mark Ruffalo,-0.296,158
338,Wed Jan 10 22:03:54 +0000 2018,@Shell,0.232,0.674,0.094,Richard Brooks,-0.5719,159
339,Wed Jan 10 21:56:34 +0000 2018,@Shell,0.123,0.877,0.0,Richard Brooks,-0.2023,160
340,Wed Jan 10 21:51:28 +0000 2018,@Shell,0.0,1.0,0.0,Ron Capps,0.0,161
341,Wed Jan 10 21:42:56 +0000 2018,@Shell,0.0,1.0,0.0,Physical Review Lett,0.0,162
342,Wed Jan 10 21:28:03 +0000 2018,@Shell,0.0,1.0,0.0,Shell,0.0,163
343,Wed Jan 10 21:14:40 +0000 2018,@Shell,0.166,0.834,0.0,Ike Teuling,-0.636,164
344,Wed Jan 10 21:08:02 +0000 2018,@Shell,0.0,0.723,0.277,Shell,0.3182,165
345,Wed Jan 10 21:04:43 +0000 2018,@Shell,0.0,1.0,0.0,Shell,0.0,166
346,Wed Jan 10 20:56:56 +0000 2018,@Shell,0.0,0.746,0.254,DeltaV,0.7783,167
347,Wed Jan 10 20:53:42 +0000 2018,@Shell,0.175,0.732,0.093,Shell,-0.25,168
348,Wed Jan 10 20:45:07 +0000 2018,@Shell,0.109,0.891,0.0,Shell,-0.296,169
349,Wed Jan 10 20:44:23 +0000 2018,@Shell,0.16,0.84,0.0,BP,-0.5859,170
350,Thu Jan 11 02:04:47 +0000 2018,@Shell,0.0,0.859,0.141,Dean Stan Blade ðŸ‡¨ðŸ‡¦,0.4215,171
351,Thu Jan 11 02:03:08 +0000 2018,@Shell,0.116,0.83,0.054,Bill de Blasio,-0.3578,172
352,Thu Jan 11 01:45:20 +0000 2018,@Shell,0.0,1.0,0.0,KTVU,0.0,173
353,Thu Jan 11 01:44:18 +0000 2018,@Shell,0.0,1.0,0.0,Dallas Goldtooth,0.0,174
354,Thu Jan 11 01:08:26 +0000 2018,@Shell,0.0,0.809,0.191,Shell,0.5423,175
355,Thu Jan 11 01:01:10 +0000 2018,@Shell,0.104,0.896,0.0,Chevron,-0.296,176
356,Wed Jan 10 23:36:44 +0000 2018,@Shell,0.0,1.0,0.0,Kashish Das Shrestha,0.0,177
357,Wed Jan 10 23:16:04 +0000 2018,@Shell,0.0,0.695,0.305,Heriot-Watt IPE,0.7845,178
358,Wed Jan 10 23:13:47 +0000 2018,@Shell,0.136,0.864,0.0,Shell,-0.296,179
359,Wed Jan 10 23:09:27 +0000 2018,@Shell,0.0,1.0,0.0,Shell,0.0,180
360,Wed Jan 10 23:07:27 +0000 2018,@Shell,0.0,0.774,0.226,Atiya Jaffar,0.6739,181
361,Wed Jan 10 22:53:43 +0000 2018,@Shell,0.122,0.878,0.0,Fossil Free Culture,-0.3612,182
362,Wed Jan 10 22:48:00 +0000 2018,@Shell,0.0,1.0,0.0,Shell,0.0,183
363,Wed Jan 10 22:43:42 +0000 2018,@Shell,0.0,0.774,0.226,Atiya Jaffar,0.6739,184
364,Wed Jan 10 22:41:29 +0000 2018,@Shell,0.094,0.726,0.179,Bill de Blasio,0.4588,185
365,Wed Jan 10 22:31:09 +0000 2018,@Shell,0.0,0.774,0.226,Atiya Jaffar,0.6739,186
366,Wed Jan 10 22:24:09 +0000 2018,@Shell,0.0,1.0,0.0,Shell,0.0,187
367,Wed Jan 10 22:23:49 +0000 2018,@Shell,0.0,1.0,0.0,Frank KÃ¶rver,0.0,188
368,Wed Jan 10 22:11:28 +0000 2018,@Shell,0.0,0.685,0.315,Leonardo DiCaprio,0.8327,189
369,Wed Jan 10 22:10:17 +0000 2018,@Shell,0.0,0.744,0.256,lenay,0.784,190
370,Wed Jan 10 22:08:04 +0000 2018,@Shell,0.104,0.896,0.0,C40 Cities,-0.296,191
371,Wed Jan 10 22:07:43 +0000 2018,@Shell,0.104,0.896,0.0,Mark Ruffalo,-0.296,192
372,Wed Jan 10 22:03:54 +0000 2018,@Shell,0.232,0.674,0.094,Richard Brooks,-0.5719,193
373,Wed Jan 10 21:56:34 +0000 2018,@Shell,0.123,0.877,0.0,Richard Brooks,-0.2023,194
374,Wed Jan 10 21:51:28 +0000 2018,@Shell,0.0,1.0,0.0,Ron Capps,0.0,195
375,Wed Jan 10 21:42:56 +0000 2018,@Shell,0.0,1.0,0.0,Physical Review Lett,0.0,196
376,Wed Jan 10 21:28:03 +0000 2018,@Shell,0.0,1.0,0.0,Shell,0.0,197
377,Wed Jan 10 21:14:40 +0000 2018,@Shell,0.166,0.834,0.0,Ike Teuling,-0.636,198
378,Wed Jan 10 21:08:02 +0000 2018,@Shell,0.0,0.723,0.277,Shell,0.3182,199
379,Wed Jan 10 21:04:43 +0000 2018,@Shell,0.0,1.0,0.0,Shell,0.0,200
380,Wed Jan 10 20:56:56 +0000 2018,@Shell,0.0,0.746,0.254,DeltaV,0.7783,201
381,Wed Jan 10 20:53:42 +0000 2018,@Shell,0.175,0.732,0.093,Shell,-0.25,202
382,Wed Jan 10 20:45:07 +0000 2018,@Shell,0.109,0.891,0.0,Shell,-0.296,203
383,Wed Jan 10 20:44:23 +0000 2018,@Shell,0.16,0.84,0.0,BP,-0.5859,204
384,Thu Jan 11 02:04:47 +0000 2018,@Shell,0.0,0.859,0.141,Dean Stan Blade ðŸ‡¨ðŸ‡¦,0.4215,205
385,Thu Jan 11 02:03:08 +0000 2018,@Shell,0.116,0.83,0.054,Bill de Blasio,-0.3578,206
386,Thu Jan 11 01:45:20 +0000 2018,@Shell,0.0,1.0,0.0,KTVU,0.0,207
387,Thu Jan 11 01:44:18 +0000 2018,@Shell,0.0,1.0,0.0,Dallas Goldtooth,0.0,208
388,Thu Jan 11 01:08:26 +0000 2018,@Shell,0.0,0.809,0.191,Shell,0.5423,209
389,Thu Jan 11 01:01:10 +0000 2018,@Shell,0.104,0.896,0.0,Chevron,-0.296,210
390,Wed Jan 10 23:36:44 +0000 2018,@Shell,0.0,1.0,0.0,Kashish Das Shrestha,0.0,211
391,Wed Jan 10 23:16:04 +0000 2018,@Shell,0.0,0.695,0.305,Heriot-Watt IPE,0.7845,212
392,Wed Jan 10 23:13:47 +0000 2018,@Shell,0.136,0.864,0.0,Shell,-0.296,213
393,Wed Jan 10 23:09:27 +0000 2018,@Shell,0.0,1.0,0.0,Shell,0.0,214
394,Wed Jan 10 23:07:27 +0000 2018,@Shell,0.0,0.774,0.226,Atiya Jaffar,0.6739,215
395,Wed Jan 10 22:53:43 +0000 2018,@Shell,0.122,0.878,0.0,Fossil Free Culture,-0.3612,216
396,Wed Jan 10 22:48:00 +0000 2018,@Shell,0.0,1.0,0.0,Shell,0.0,217
397,Wed Jan 10 22:43:42 +0000 2018,@Shell,0.0,0.774,0.226,Atiya Jaffar,0.6739,218
398,Wed Jan 10 22:41:29 +0000 2018,@Shell,0.094,0.726,0.179,Bill de Blasio,0.4588,219
399,Wed Jan 10 22:31:09 +0000 2018,@Shell,0.0,0.774,0.226,Atiya Jaffar,0.6739,220
400,Wed Jan 10 22:24:09 +0000 2018,@Shell,0.0,1.0,0.0,Shell,0.0,221
401,Wed Jan 10 22:23:49 +0000 2018,@Shell,0.0,1.0,0.0,Frank KÃ¶rver,0.0,222
402,Wed Jan 10 22:11:28 +0000 2018,@Shell,0.0,0.685,0.315,Leonardo DiCaprio,0.8327,223
403,Wed Jan 10 22:10:17 +0000 2018,@Shell,0.0,0.744,0.256,lenay,0.784,224
404,Wed Jan 10 22:08:04 +0000 2018,@Shell,0.104,0.896,0.0,C40 Cities,-0.296,225
405,Wed Jan 10 22:07:43 +0000 2018,@Shell,0.104,0.896,0.0,Mark Ruffalo,-0.296,226
406,Wed Jan 10 22:03:54 +0000 2018,@Shell,0.232,0.674,0.094,Richard Brooks,-0.5719,227
407,Wed Jan 10 21:56:34 +0000 2018,@Shell,0.123,0.877,0.0,Richard Brooks,-0.2023,228
408,Wed Jan 10 21:51:28 +0000 2018,@Shell,0.0,1.0,0.0,Ron Capps,0.0,229
409,Wed Jan 10 21:42:56 +0000 2018,@Shell,0.0,1.0,0.0,Physical Review Lett,0.0,230
410,Wed Jan 10 21:28:03 +0000 2018,@Shell,0.0,1.0,0.0,Shell,0.0,231
411,Wed Jan 10 21:14:40 +0000 2018,@Shell,0.166,0.834,0.0,Ike Teuling,-0.636,232
412,Wed Jan 10 21:08:02 +0000 2018,@Shell,0.0,0.723,0.277,Shell,0.3182,233
413,Wed Jan 10 21:04:43 +0000 2018,@Shell,0.0,1.0,0.0,Shell,0.0,234
414,Wed Jan 10 20:56:56 +0000 2018,@Shell,0.0,0.746,0.254,DeltaV,0.7783,235
415,Wed Jan 10 20:53:42 +0000 2018,@Shell,0.175,0.732,0.093,Shell,-0.25,236
416,Wed Jan 10 20:45:07 +0000 2018,@Shell,0.109,0.891,0.0,Shell,-0.296,237
417,Wed Jan 10 20:44:23 +0000 2018,@Shell,0.16,0.84,0.0,BP,-0.5859,238
418,Thu Jan 11 02:04:47 +0000 2018,@Shell,0.0,0.859,0.141,Dean Stan Blade ðŸ‡¨ðŸ‡¦,0.4215,239
419,Thu Jan 11 02:03:08 +0000 2018,@Shell,0.116,0.83,0.054,Bill de Blasio,-0.3578,240
420,Thu Jan 11 01:45:20 +0000 2018,@Shell,0.0,1.0,0.0,KTVU,0.0,241
421,Thu Jan 11 01:44:18 +0000 2018,@Shell,0.0,1.0,0.0,Dallas Goldtooth,0.0,242
422,Thu Jan 11 01:08:26 +0000 2018,@Shell,0.0,0.809,0.191,Shell,0.5423,243
423,Thu Jan 11 01:01:10 +0000 2018,@Shell,0.104,0.896,0.0,Chevron,-0.296,244
424,Wed Jan 10 23:36:44 +0000 2018,@Shell,0.0,1.0,0.0,Kashish Das Shrestha,0.0,245
425,Wed Jan 10 23:16:04 +0000 2018,@Shell,0.0,0.695,0.305,Heriot-Watt IPE,0.7845,246
426,Wed Jan 10 23:13:47 +0000 2018,@Shell,0.136,0.864,0.0,Shell,-0.296,247
427,Wed Jan 10 23:09:27 +0000 2018,@Shell,0.0,1.0,0.0,Shell,0.0,248
428,Wed Jan 10 23:07:27 +0000 2018,@Shell,0.0,0.774,0.226,Atiya Jaffar,0.6739,249
429,Wed Jan 10 22:53:43 +0000 2018,@Shell,0.122,0.878,0.0,Fossil Free Culture,-0.3612,250
430,Wed Jan 10 22:48:00 +0000 2018,@Shell,0.0,1.0,0.0,Shell,0.0,251
431,Wed Jan 10 22:43:42 +0000 2018,@Shell,0.0,0.774,0.226,Atiya Jaffar,0.6739,252
432,Wed Jan 10 22:41:29 +0000 2018,@Shell,0.094,0.726,0.179,Bill de Blasio,0.4588,253
433,Wed Jan 10 22:31:09 +0000 2018,@Shell,0.0,0.774,0.226,Atiya Jaffar,0.6739,254
434,Wed Jan 10 22:24:09 +0000 2018,@Shell,0.0,1.0,0.0,Shell,0.0,255
435,Wed Jan 10 22:23:49 +0000 2018,@Shell,0.0,1.0,0.0,Frank KÃ¶rver,0.0,256
436,Wed Jan 10 22:11:28 +0000 2018,@Shell,0.0,0.685,0.315,Leonardo DiCaprio,0.8327,257
437,Wed Jan 10 22:10:17 +0000 2018,@Shell,0.0,0.744,0.256,lenay,0.784,258
438,Wed Jan 10 22:08:04 +0000 2018,@Shell,0.104,0.896,0.0,C40 Cities,-0.296,259
439,Wed Jan 10 22:07:43 +0000 2018,@Shell,0.104,0.896,0.0,Mark Ruffalo,-0.296,260
440,Wed Jan 10 22:03:54 +0000 2018,@Shell,0.232,0.674,0.094,Richard Brooks,-0.5719,261
441,Wed Jan 10 21:56:34 +0000 2018,@Shell,0.123,0.877,0.0,Richard Brooks,-0.2023,262
442,Wed Jan 10 21:51:28 +0000 2018,@Shell,0.0,1.0,0.0,Ron Capps,0.0,263
443,Wed Jan 10 21:42:56 +0000 2018,@Shell,0.0,1.0,0.0,Physical Review Lett,0.0,264
444,Wed Jan 10 21:28:03 +0000 2018,@Shell,0.0,1.0,0.0,Shell,0.0,265
445,Wed Jan 10 21:14:40 +0000 2018,@Shell,0.166,0.834,0.0,Ike Teuling,-0.636,266
446,Wed Jan 10 21:08:02 +0000 2018,@Shell,0.0,0.723,0.277,Shell,0.3182,267
447,Wed Jan 10 21:04:43 +0000 2018,@Shell,0.0,1.0,0.0,Shell,0.0,268
448,Wed Jan 10 20:56:56 +0000 2018,@Shell,0.0,0.746,0.254,DeltaV,0.7783,269
449,Wed Jan 10 20:53:42 +0000 2018,@Shell,0.175,0.732,0.093,Shell,-0.25,270
450,Wed Jan 10 20:45:07 +0000 2018,@Shell,0.109,0.891,0.0,Shell,-0.296,271
451,Wed Jan 10 20:44:23 +0000 2018,@Shell,0.16,0.84,0.0,BP,-0.5859,272
452,Thu Jan 11 02:04:47 +0000 2018,@Shell,0.0,0.859,0.141,Dean Stan Blade ðŸ‡¨ðŸ‡¦,0.4215,273
453,Thu Jan 11 02:03:08 +0000 2018,@Shell,0.116,0.83,0.054,Bill de Blasio,-0.3578,274
454,Thu Jan 11 01:45:20 +0000 2018,@Shell,0.0,1.0,0.0,KTVU,0.0,275
455,Thu Jan 11 01:44:18 +0000 2018,@Shell,0.0,1.0,0.0,Dallas Goldtooth,0.0,276
456,Thu Jan 11 01:08:26 +0000 2018,@Shell,0.0,0.809,0.191,Shell,0.5423,277
457,Thu Jan 11 01:01:10 +0000 2018,@Shell,0.104,0.896,0.0,Chevron,-0.296,278
458,Wed Jan 10 23:36:44 +0000 2018,@Shell,0.0,1.0,0.0,Kashish Das Shrestha,0.0,279
459,Wed Jan 10 23:16:04 +0000 2018,@Shell,0.0,0.695,0.305,Heriot-Watt IPE,0.7845,280
460,Wed Jan 10 23:13:47 +0000 2018,@Shell,0.136,0.864,0.0,Shell,-0.296,281
461,Wed Jan 10 23:09:27 +0000 2018,@Shell,0.0,1.0,0.0,Shell,0.0,282
462,Wed Jan 10 23:07:27 +0000 2018,@Shell,0.0,0.774,0.226,Atiya Jaffar,0.6739,283
463,Wed Jan 10 22:53:43 +0000 2018,@Shell,0.122,0.878,0.0,Fossil Free Culture,-0.3612,284
464,Wed Jan 10 22:48:00 +0000 2018,@Shell,0.0,1.0,0.0,Shell,0.0,285
465,Wed Jan 10 22:43:42 +0000 2018,@Shell,0.0,0.774,0.226,Atiya Jaffar,0.6739,286
466,Wed Jan 10 22:41:29 +0000 2018,@Shell,0.094,0.726,0.179,Bill de Blasio,0.4588,287
467,Wed Jan 10 22:31:09 +0000 2018,@Shell,0.0,0.774,0.226,Atiya Jaffar,0.6739,288
468,Wed Jan 10 22:24:09 +0000 2018,@Shell,0.0,1.0,0.0,Shell,0.0,289
469,Wed Jan 10 22:23:49 +0000 2018,@Shell,0.0,1.0,0.0,Frank KÃ¶rver,0.0,290
470,Wed Jan 10 22:11:28 +0000 2018,@Shell,0.0,0.685,0.315,Leonardo DiCaprio,0.8327,291
471,Wed Jan 10 22:10:17 +0000 2018,@Shell,0.0,0.744,0.256,lenay,0.784,292
472,Wed Jan 10 22:08:04 +0000 2018,@Shell,0.104,0.896,0.0,C40 Cities,-0.296,293
473,Wed Jan 10 22:07:43 +0000 2018,@Shell,0.104,0.896,0.0,Mark Ruffalo,-0.296,294
474,Wed Jan 10 22:03:54 +0000 2018,@Shell,0.232,0.674,0.094,Richard Brooks,-0.5719,295
475,Wed Jan 10 21:56:34 +0000 2018,@Shell,0.123,0.877,0.0,Richard Brooks,-0.2023,296
476,Wed Jan 10 21:51:28 +0000 2018,@Shell,0.0,1.0,0.0,Ron Capps,0.0,297
477,Wed Jan 10 21:42:56 +0000 2018,@Shell,0.0,1.0,0.0,Physical Review Lett,0.0,298
478,Wed Jan 10 21:28:03 +0000 2018,@Shell,0.0,1.0,0.0,Shell,0.0,299
479,Wed Jan 10 21:14:40 +0000 2018,@Shell,0.166,0.834,0.0,Ike Teuling,-0.636,300
480,Wed Jan 10 21:08:02 +0000 2018,@Shell,0.0,0.723,0.277,Shell,0.3182,301
481,Wed Jan 10 21:04:43 +0000 2018,@Shell,0.0,1.0,0.0,Shell,0.0,302
482,Wed Jan 10 20:56:56 +0000 2018,@Shell,0.0,0.746,0.254,DeltaV,0.7783,303
483,Wed Jan 10 20:53:42 +0000 2018,@Shell,0.175,0.732,0.093,Shell,-0.25,304
484,Wed Jan 10 20:45:07 +0000 2018,@Shell,0.109,0.891,0.0,Shell,-0.296,305
485,Wed Jan 10 20:44:23 +0000 2018,@Shell,0.16,0.84,0.0,BP,-0.5859,306
486,Thu Jan 11 02:04:47 +0000 2018,@Shell,0.0,0.859,0.141,Dean Stan Blade ðŸ‡¨ðŸ‡¦,0.4215,307
487,Thu Jan 11 02:03:08 +0000 2018,@Shell,0.116,0.83,0.054,Bill de Blasio,-0.3578,308
488,Thu Jan 11 01:45:20 +0000 2018,@Shell,0.0,1.0,0.0,KTVU,0.0,309
489,Thu Jan 11 01:44:18 +0000 2018,@Shell,0.0,1.0,0.0,Dallas Goldtooth,0.0,310
490,Thu Jan 11 01:08:26 +0000 2018,@Shell,0.0,0.809,0.191,Shell,0.5423,311
491,Thu Jan 11 01:01:10 +0000 2018,@Shell,0.104,0.896,0.0,Chevron,-0.296,312
492,Wed Jan 10 23:36:44 +0000 2018,@Shell,0.0,1.0,0.0,Kashish Das Shrestha,0.0,313
493,Wed Jan 10 23:16:04 +0000 2018,@Shell,0.0,0.695,0.305,Heriot-Watt IPE,0.7845,314
494,Wed Jan 10 23:13:47 +0000 2018,@Shell,0.136,0.864,0.0,Shell,-0.296,315
495,Wed Jan 10 23:09:27 +0000 2018,@Shell,0.0,1.0,0.0,Shell,0.0,316
496,Wed Jan 10 23:07:27 +0000 2018,@Shell,0.0,0.774,0.226,Atiya Jaffar,0.6739,317
497,Wed Jan 10 22:53:43 +0000 2018,@Shell,0.122,0.878,0.0,Fossil Free Culture,-0.3612,318
498,Wed Jan 10 22:48:00 +0000 2018,@Shell,0.0,1.0,0.0,Shell,0.0,319
499,Wed Jan 10 22:43:42 +0000 2018,@Shell,0.0,0.774,0.226,Atiya Jaffar,0.6739,320
500,Wed Jan 10 22:41:29 +0000 2018,@Shell,0.094,0.726,0.179,Bill de Blasio,0.4588,321
501,Wed Jan 10 22:31:09 +0000 2018,@Shell,0.0,0.774,0.226,Atiya Jaffar,0.6739,322
502,Wed Jan 10 22:24:09 +0000 2018,@Shell,0.0,1.0,0.0,Shell,0.0,323
503,Wed Jan 10 22:23:49 +0000 2018,@Shell,0.0,1.0,0.0,Frank KÃ¶rver,0.0,324
504,Wed Jan 10 22:11:28 +0000 2018,@Shell,0.0,0.685,0.315,Leonardo DiCaprio,0.8327,325
505,Wed Jan 10 22:10:17 +0000 2018,@Shell,0.0,0.744,0.256,lenay,0.784,326
506,Wed Jan 10 22:08:04 +0000 2018,@Shell,0.104,0.896,0.0,C40 Cities,-0.296,327
507,Wed Jan 10 22:07:43 +0000 2018,@Shell,0.104,0.896,0.0,Mark Ruffalo,-0.296,328
508,Wed Jan 10 22:03:54 +0000 2018,@Shell,0.232,0.674,0.094,Richard Brooks,-0.5719,329
509,Wed Jan 10 21:56:34 +0000 2018,@Shell,0.123,0.877,0.0,Richard Brooks,-0.2023,330
510,Wed Jan 10 21:51:28 +0000 2018,@Shell,0.0,1.0,0.0,Ron Capps,0.0,331
511,Wed Jan 10 21:42:56 +0000 2018,@Shell,0.0,1.0,0.0,Physical Review Lett,0.0,332
512,Wed Jan 10 21:28:03 +0000 2018,@Shell,0.0,1.0,0.0,Shell,0.0,333
513,Wed Jan 10 21:14:40 +0000 2018,@Shell,0.166,0.834,0.0,Ike Teuling,-0.636,334
514,Wed Jan 10 21:08:02 +0000 2018,@Shell,0.0,0.723,0.277,Shell,0.3182,335
515,Wed Jan 10 21:04:43 +0000 2018,@Shell,0.0,1.0,0.0,Shell,0.0,336
516,Wed Jan 10 20:56:56 +0000 2018,@Shell,0.0,0.746,0.254,DeltaV,0.7783,337
517,Wed Jan 10 20:53:42 +0000 2018,@Shell,0.175,0.732,0.093,Shell,-0.25,338
518,Wed Jan 10 20:45:07 +0000 2018,@Shell,0.109,0.891,0.0,Shell,-0.296,339
519,Wed Jan 10 20:44:23 +0000 2018,@Shell,0.16,0.84,0.0,BP,-0.5859,340
520,Thu Jan 11 02:04:47 +0000 2018,@Shell,0.0,0.859,0.141,Dean Stan Blade ðŸ‡¨ðŸ‡¦,0.4215,341
521,Thu Jan 11 02:03:08 +0000 2018,@Shell,0.116,0.83,0.054,Bill de Blasio,-0.3578,342
522,Thu Jan 11 01:45:20 +0000 2018,@Shell,0.0,1.0,0.0,KTVU,0.0,343
523,Thu Jan 11 01:44:18 +0000 2018,@Shell,0.0,1.0,0.0,Dallas Goldtooth,0.0,344
524,Thu Jan 11 01:08:26 +0000 2018,@Shell,0.0,0.809,0.191,Shell,0.5423,345
525,Thu Jan 11 01:01:10 +0000 2018,@Shell,0.104,0.896,0.0,Chevron,-0.296,346
526,Wed Jan 10 23:36:44 +0000 2018,@Shell,0.0,1.0,0.0,Kashish Das Shrestha,0.0,347
527,Wed Jan 10 23:16:04 +0000 2018,@Shell,0.0,0.695,0.305,Heriot-Watt IPE,0.7845,348
528,Wed Jan 10 23:13:47 +0000 2018,@Shell,0.136,0.864,0.0,Shell,-0.296,349
529,Wed Jan 10 23:09:27 +0000 2018,@Shell,0.0,1.0,0.0,Shell,0.0,350
530,Wed Jan 10 23:07:27 +0000 2018,@Shell,0.0,0.774,0.226,Atiya Jaffar,0.6739,351
531,Wed Jan 10 22:53:43 +0000 2018,@Shell,0.122,0.878,0.0,Fossil Free Culture,-0.3612,352
532,Wed Jan 10 22:48:00 +0000 2018,@Shell,0.0,1.0,0.0,Shell,0.0,353
533,Wed Jan 10 22:43:42 +0000 2018,@Shell,0.0,0.774,0.226,Atiya Jaffar,0.6739,354
534,Wed Jan 10 22:41:29 +0000 2018,@Shell,0.094,0.726,0.179,Bill de Blasio,0.4588,355
535,Wed Jan 10 22:31:09 +0000 2018,@Shell,0.0,0.774,0.226,Atiya Jaffar,0.6739,356
536,Wed Jan 10 22:24:09 +0000 2018,@Shell,0.0,1.0,0.0,Shell,0.0,357
537,Wed Jan 10 22:23:49 +0000 2018,@Shell,0.0,1.0,0.0,Frank KÃ¶rver,0.0,358
538,Wed Jan 10 22:11:28 +0000 2018,@Shell,0.0,0.685,0.315,Leonardo DiCaprio,0.8327,359
539,Wed Jan 10 22:10:17 +0000 2018,@Shell,0.0,0.744,0.256,lenay,0.784,360
540,Wed Jan 10 22:08:04 +0000 2018,@Shell,0.104,0.896,0.0,C40 Cities,-0.296,361
541,Wed Jan 10 22:07:43 +0000 2018,@Shell,0.104,0.896,0.0,Mark Ruffalo,-0.296,362
542,Wed Jan 10 22:03:54 +0000 2018,@Shell,0.232,0.674,0.094,Richard Brooks,-0.5719,363
543,Wed Jan 10 21:56:34 +0000 2018,@Shell,0.123,0.877,0.0,Richard Brooks,-0.2023,364
544,Wed Jan 10 21:51:28 +0000 2018,@Shell,0.0,1.0,0.0,Ron Capps,0.0,365
545,Wed Jan 10 21:42:56 +0000 2018,@Shell,0.0,1.0,0.0,Physical Review Lett,0.0,366
546,Wed Jan 10 21:28:03 +0000 2018,@Shell,0.0,1.0,0.0,Shell,0.0,367
547,Wed Jan 10 21:14:40 +0000 2018,@Shell,0.166,0.834,0.0,Ike Teuling,-0.636,368
548,Wed Jan 10 21:08:02 +0000 2018,@Shell,0.0,0.723,0.277,Shell,0.3182,369
549,Wed Jan 10 21:04:43 +0000 2018,@Shell,0.0,1.0,0.0,Shell,0.0,370
550,Wed Jan 10 20:56:56 +0000 2018,@Shell,0.0,0.746,0.254,DeltaV,0.7783,371
551,Wed Jan 10 20:53:42 +0000 2018,@Shell,0.175,0.732,0.093,Shell,-0.25,372
552,Wed Jan 10 20:45:07 +0000 2018,@Shell,0.109,0.891,0.0,Shell,-0.296,373
553,Wed Jan 10 20:44:23 +0000 2018,@Shell,0.16,0.84,0.0,BP,-0.5859,374
554,Thu Jan 11 02:04:47 +0000 2018,@Shell,0.0,0.859,0.141,Dean Stan Blade ðŸ‡¨ðŸ‡¦,0.4215,375
555,Thu Jan 11 02:03:08 +0000 2018,@Shell,0.116,0.83,0.054,Bill de Blasio,-0.3578,376
556,Thu Jan 11 01:45:20 +0000 2018,@Shell,0.0,1.0,0.0,KTVU,0.0,377
557,Thu Jan 11 01:44:18 +0000 2018,@Shell,0.0,1.0,0.0,Dallas Goldtooth,0.0,378
558,Thu Jan 11 01:08:26 +0000 2018,@Shell,0.0,0.809,0.191,Shell,0.5423,379
559,Thu Jan 11 01:01:10 +0000 2018,@Shell,0.104,0.896,0.0,Chevron,-0.296,380
560,Wed Jan 10 23:36:44 +0000 2018,@Shell,0.0,1.0,0.0,Kashish Das Shrestha,0.0,381
561,Wed Jan 10 23:16:04 +0000 2018,@Shell,0.0,0.695,0.305,Heriot-Watt IPE,0.7845,382
562,Wed Jan 10 23:13:47 +0000 2018,@Shell,0.136,0.864,0.0,Shell,-0.296,383
563,Wed Jan 10 23:09:27 +0000 2018,@Shell,0.0,1.0,0.0,Shell,0.0,384
564,Wed Jan 10 23:07:27 +0000 2018,@Shell,0.0,0.774,0.226,Atiya Jaffar,0.6739,385
565,Wed Jan 10 22:53:43 +0000 2018,@Shell,0.122,0.878,0.0,Fossil Free Culture,-0.3612,386
566,Wed Jan 10 22:48:00 +0000 2018,@Shell,0.0,1.0,0.0,Shell,0.0,387
567,Wed Jan 10 22:43:42 +0000 2018,@Shell,0.0,0.774,0.226,Atiya Jaffar,0.6739,388
568,Wed Jan 10 22:41:29 +0000 2018,@Shell,0.094,0.726,0.179,Bill de Blasio,0.4588,389
569,Wed Jan 10 22:31:09 +0000 2018,@Shell,0.0,0.774,0.226,Atiya Jaffar,0.6739,390
570,Wed Jan 10 22:24:09 +0000 2018,@Shell,0.0,1.0,0.0,Shell,0.0,391
571,Wed Jan 10 22:23:49 +0000 2018,@Shell,0.0,1.0,0.0,Frank KÃ¶rver,0.0,392
572,Wed Jan 10 22:11:28 +0000 2018,@Shell,0.0,0.685,0.315,Leonardo DiCaprio,0.8327,393
573,Wed Jan 10 22:10:17 +0000 2018,@Shell,0.0,0.744,0.256,lenay,0.784,394
574,Wed Jan 10 22:08:04 +0000 2018,@Shell,0.104,0.896,0.0,C40 Cities,-0.296,395
575,Wed Jan 10 22:07:43 +0000 2018,@Shell,0.104,0.896,0.0,Mark Ruffalo,-0.296,396
576,Wed Jan 10 22:03:54 +0000 2018,@Shell,0.232,0.674,0.094,Richard Brooks,-0.5719,397
577,Wed Jan 10 21:56:34 +0000 2018,@Shell,0.123,0.877,0.0,Richard Brooks,-0.2023,398
578,Wed Jan 10 21:51:28 +0000 2018,@Shell,0.0,1.0,0.0,Ron Capps,0.0,399
579,Wed Jan 10 21:42:56 +0000 2018,@Shell,0.0,1.0,0.0,Physical Review Lett,0.0,400
580,Wed Jan 10 21:28:03 +0000 2018,@Shell,0.0,1.0,0.0,Shell,0.0,401
581,Wed Jan 10 21:14:40 +0000 2018,@Shell,0.166,0.834,0.0,Ike Teuling,-0.636,402
582,Wed Jan 10 21:08:02 +0000 2018,@Shell,0.0,0.723,0.277,Shell,0.3182,403
583,Wed Jan 10 21:04:43 +0000 2018,@Shell,0.0,1.0,0.0,Shell,0.0,404
584,Wed Jan 10 20:56:56 +0000 2018,@Shell,0.0,0.746,0.254,DeltaV,0.7783,405
585,Wed Jan 10 20:53:42 +0000 2018,@Shell,0.175,0.732,0.093,Shell,-0.25,406
586,Wed Jan 10 20:45:07 +0000 2018,@Shell,0.109,0.891,0.0,Shell,-0.296,407
587,Wed Jan 10 20:44:23 +0000 2018,@Shell,0.16,0.84,0.0,BP,-0.5859,408
588,Thu Jan 11 02:04:47 +0000 2018,@Shell,0.0,0.859,0.141,Dean Stan Blade ðŸ‡¨ðŸ‡¦,0.4215,409
589,Thu Jan 11 02:03:08 +0000 2018,@Shell,0.116,0.83,0.054,Bill de Blasio,-0.3578,410
590,Thu Jan 11 01:45:20 +0000 2018,@Shell,0.0,1.0,0.0,KTVU,0.0,411
591,Thu Jan 11 01:44:18 +0000 2018,@Shell,0.0,1.0,0.0,Dallas Goldtooth,0.0,412
592,Thu Jan 11 01:08:26 +0000 2018,@Shell,0.0,0.809,0.191,Shell,0.5423,413
593,Thu Jan 11 01:01:10 +0000 2018,@Shell,0.104,0.896,0.0,Chevron,-0.296,414
594,Wed Jan 10 23:36:44 +0000 2018,@Shell,0.0,1.0,0.0,Kashish Das Shrestha,0.0,415
595,Wed Jan 10 23:16:04 +0000 2018,@Shell,0.0,0.695,0.305,Heriot-Watt IPE,0.7845,416
596,Wed Jan 10 23:13:47 +0000 2018,@Shell,0.136,0.864,0.0,Shell,-0.296,417
597,Wed Jan 10 23:09:27 +0000 2018,@Shell,0.0,1.0,0.0,Shell,0.0,418
598,Wed Jan 10 23:07:27 +0000 2018,@Shell,0.0,0.774,0.226,Atiya Jaffar,0.6739,419
599,Wed Jan 10 22:53:43 +0000 2018,@Shell,0.122,0.878,0.0,Fossil Free Culture,-0.3612,420
600,Wed Jan 10 22:48:00 +0000 2018,@Shell,0.0,1.0,0.0,Shell,0.0,421
601,Wed Jan 10 22:43:42 +0000 2018,@Shell,0.0,0.774,0.226,Atiya Jaffar,0.6739,422
602,Wed Jan 10 22:41:29 +0000 2018,@Shell,0.094,0.726,0.179,Bill de Blasio,0.4588,423
603,Wed Jan 10 22:31:09 +0000 2018,@Shell,0.0,0.774,0.226,Atiya Jaffar,0.6739,424
604,Wed Jan 10 22:24:09 +0000 2018,@Shell,0.0,1.0,0.0,Shell,0.0,425
605,Wed Jan 10 22:23:49 +0000 2018,@Shell,0.0,1.0,0.0,Frank KÃ¶rver,0.0,426
606,Wed Jan 10 22:11:28 +0000 2018,@Shell,0.0,0.685,0.315,Leonardo DiCaprio,0.8327,427
607,Wed Jan 10 22:10:17 +0000 2018,@Shell,0.0,0.744,0.256,lenay,0.784,428
608,Wed Jan 10 22:08:04 +0000 2018,@Shell,0.104,0.896,0.0,C40 Cities,-0.296,429
609,Wed Jan 10 22:07:43 +0000 2018,@Shell,0.104,0.896,0.0,Mark Ruffalo,-0.296,430
610,Wed Jan 10 22:03:54 +0000 2018,@Shell,0.232,0.674,0.094,Richard Brooks,-0.5719,431
611,Wed Jan 10 21:56:34 +0000 2018,@Shell,0.123,0.877,0.0,Richard Brooks,-0.2023,432
612,Wed Jan 10 21:51:28 +0000 2018,@Shell,0.0,1.0,0.0,Ron Capps,0.0,433
613,Wed Jan 10 21:42:56 +0000 2018,@Shell,0.0,1.0,0.0,Physical Review Lett,0.0,434
614,Wed Jan 10 21:28:03 +0000 2018,@Shell,0.0,1.0,0.0,Shell,0.0,435
615,Wed Jan 10 21:14:40 +0000 2018,@Shell,0.166,0.834,0.0,Ike Teuling,-0.636,436
616,Wed Jan 10 21:08:02 +0000 2018,@Shell,0.0,0.723,0.277,Shell,0.3182,437
617,Wed Jan 10 21:04:43 +0000 2018,@Shell,0.0,1.0,0.0,Shell,0.0,438
618,Wed Jan 10 20:56:56 +0000 2018,@Shell,0.0,0.746,0.254,DeltaV,0.7783,439
619,Wed Jan 10 20:53:42 +0000 2018,@Shell,0.175,0.732,0.093,Shell,-0.25,440
620,Wed Jan 10 20:45:07 +0000 2018,@Shell,0.109,0.891,0.0,Shell,-0.296,441
621,Wed Jan 10 20:44:23 +0000 2018,@Shell,0.16,0.84,0.0,BP,-0.5859,442
622,Thu Jan 11 02:04:47 +0000 2018,@Shell,0.0,0.859,0.141,Dean Stan Blade ðŸ‡¨ðŸ‡¦,0.4215,443
623,Thu Jan 11 02:03:08 +0000 2018,@Shell,0.116,0.83,0.054,Bill de Blasio,-0.3578,444
624,Thu Jan 11 01:45:20 +0000 2018,@Shell,0.0,1.0,0.0,KTVU,0.0,445
625,Thu Jan 11 01:44:18 +0000 2018,@Shell,0.0,1.0,0.0,Dallas Goldtooth,0.0,446
626,Thu Jan 11 01:08:26 +0000 2018,@Shell,0.0,0.809,0.191,Shell,0.5423,447
627,Thu Jan 11 01:01:10 +0000 2018,@Shell,0.104,0.896,0.0,Chevron,-0.296,448
628,Wed Jan 10 23:36:44 +0000 2018,@Shell,0.0,1.0,0.0,Kashish Das Shrestha,0.0,449
629,Wed Jan 10 23:16:04 +0000 2018,@Shell,0.0,0.695,0.305,Heriot-Watt IPE,0.7845,450
630,Wed Jan 10 23:13:47 +0000 2018,@Shell,0.136,0.864,0.0,Shell,-0.296,451
631,Wed Jan 10 23:09:27 +0000 2018,@Shell,0.0,1.0,0.0,Shell,0.0,452
632,Wed Jan 10 23:07:27 +0000 2018,@Shell,0.0,0.774,0.226,Atiya Jaffar,0.6739,453
633,Wed Jan 10 22:53:43 +0000 2018,@Shell,0.122,0.878,0.0,Fossil Free Culture,-0.3612,454
634,Wed Jan 10 22:48:00 +0000 2018,@Shell,0.0,1.0,0.0,Shell,0.0,455
635,Wed Jan 10 22:43:42 +0000 2018,@Shell,0.0,0.774,0.226,Atiya Jaffar,0.6739,456
636,Wed Jan 10 22:41:29 +0000 2018,@Shell,0.094,0.726,0.179,Bill de Blasio,0.4588,457
637,Wed Jan 10 22:31:09 +0000 2018,@Shell,0.0,0.774,0.226,Atiya Jaffar,0.6739,458
638,Wed Jan 10 22:24:09 +0000 2018,@Shell,0.0,1.0,0.0,Shell,0.0,459
639,Wed Jan 10 22:23:49 +0000 2018,@Shell,0.0,1.0,0.0,Frank KÃ¶rver,0.0,460
640,Wed Jan 10 22:11:28 +0000 2018,@Shell,0.0,0.685,0.315,Leonardo DiCaprio,0.8327,461
641,Wed Jan 10 22:10:17 +0000 2018,@Shell,0.0,0.744,0.256,lenay,0.784,462
642,Wed Jan 10 22:08:04 +0000 2018,@Shell,0.104,0.896,0.0,C40 Cities,-0.296,463
643,Wed Jan 10 22:07:43 +0000 2018,@Shell,0.104,0.896,0.0,Mark Ruffalo,-0.296,464
644,Wed Jan 10 22:03:54 +0000 2018,@Shell,0.232,0.674,0.094,Richard Brooks,-0.5719,465
645,Wed Jan 10 21:56:34 +0000 2018,@Shell,0.123,0.877,0.0,Richard Brooks,-0.2023,466
646,Wed Jan 10 21:51:28 +0000 2018,@Shell,0.0,1.0,0.0,Ron Capps,0.0,467
647,Wed Jan 10 21:42:56 +0000 2018,@Shell,0.0,1.0,0.0,Physical Review Lett,0.0,468
648,Wed Jan 10 21:28:03 +0000 2018,@Shell,0.0,1.0,0.0,Shell,0.0,469
649,Wed Jan 10 21:14:40 +0000 2018,@Shell,0.166,0.834,0.0,Ike Teuling,-0.636,470
650,Wed Jan 10 21:08:02 +0000 2018,@Shell,0.0,0.723,0.277,Shell,0.3182,471
651,Wed Jan 10 21:04:43 +0000 2018,@Shell,0.0,1.0,0.0,Shell,0.0,472
652,Wed Jan 10 20:56:56 +0000 2018,@Shell,0.0,0.746,0.254,DeltaV,0.7783,473
653,Wed Jan 10 20:53:42 +0000 2018,@Shell,0.175,0.732,0.093,Shell,-0.25,474
654,Wed Jan 10 20:45:07 +0000 2018,@Shell,0.109,0.891,0.0,Shell,-0.296,475
655,Wed Jan 10 20:44:23 +0000 2018,@Shell,0.16,0.84,0.0,BP,-0.5859,476
656,Thu Jan 11 02:04:47 +0000 2018,@Shell,0.0,0.859,0.141,Dean Stan Blade ðŸ‡¨ðŸ‡¦,0.4215,477
657,Thu Jan 11 02:03:08 +0000 2018,@Shell,0.116,0.83,0.054,Bill de Blasio,-0.3578,478
658,Thu Jan 11 01:45:20 +0000 2018,@Shell,0.0,1.0,0.0,KTVU,0.0,479
659,Thu Jan 11 01:44:18 +0000 2018,@Shell,0.0,1.0,0.0,Dallas Goldtooth,0.0,480
660,Thu Jan 11 01:08:26 +0000 2018,@Shell,0.0,0.809,0.191,Shell,0.5423,481
661,Thu Jan 11 01:01:10 +0000 2018,@Shell,0.104,0.896,0.0,Chevron,-0.296,482
662,Wed Jan 10 23:36:44 +0000 2018,@Shell,0.0,1.0,0.0,Kashish Das Shrestha,0.0,483
663,Wed Jan 10 23:16:04 +0000 2018,@Shell,0.0,0.695,0.305,Heriot-Watt IPE,0.7845,484
664,Wed Jan 10 23:13:47 +0000 2018,@Shell,0.136,0.864,0.0,Shell,-0.296,485
665,Wed Jan 10 23:09:27 +0000 2018,@Shell,0.0,1.0,0.0,Shell,0.0,486
666,Wed Jan 10 23:07:27 +0000 2018,@Shell,0.0,0.774,0.226,Atiya Jaffar,0.6739,487
667,Wed Jan 10 22:53:43 +0000 2018,@Shell,0.122,0.878,0.0,Fossil Free Culture,-0.3612,488
668,Wed Jan 10 22:48:00 +0000 2018,@Shell,0.0,1.0,0.0,Shell,0.0,489
669,Wed Jan 10 22:43:42 +0000 2018,@Shell,0.0,0.774,0.226,Atiya Jaffar,0.6739,490
670,Wed Jan 10 22:41:29 +0000 2018,@Shell,0.094,0.726,0.179,Bill de Blasio,0.4588,491
671,Wed Jan 10 22:31:09 +0000 2018,@Shell,0.0,0.774,0.226,Atiya Jaffar,0.6739,492
672,Wed Jan 10 22:24:09 +0000 2018,@Shell,0.0,1.0,0.0,Shell,0.0,493
673,Wed Jan 10 22:23:49 +0000 2018,@Shell,0.0,1.0,0.0,Frank KÃ¶rver,0.0,494
674,Wed Jan 10 22:11:28 +0000 2018,@Shell,0.0,0.685,0.315,Leonardo DiCaprio,0.8327,495
675,Wed Jan 10 22:10:17 +0000 2018,@Shell,0.0,0.744,0.256,lenay,0.784,496
676,Wed Jan 10 22:08:04 +0000 2018,@Shell,0.104,0.896,0.0,C40 Cities,-0.296,497
677,Wed Jan 10 22:07:43 +0000 2018,@Shell,0.104,0.896,0.0,Mark Ruffalo,-0.296,498
678,Wed Jan 10 22:03:54 +0000 2018,@Shell,0.232,0.674,0.094,Richard Brooks,-0.5719,499
679,Wed Jan 10 21:56:34 +0000 2018,@Shell,0.123,0.877,0.0,Richard Brooks,-0.2023,500
680,Wed Jan 10 21:51:28 +0000 2018,@Shell,0.0,1.0,0.0,Ron Capps,0.0,501
681,Wed Jan 10 21:42:56 +0000 2018,@Shell,0.0,1.0,0.0,Physical Review Lett,0.0,502
682,Wed Jan 10 21:28:03 +0000 2018,@Shell,0.0,1.0,0.0,Shell,0.0,503
683,Wed Jan 10 21:14:40 +0000 2018,@Shell,0.166,0.834,0.0,Ike Teuling,-0.636,504
684,Wed Jan 10 21:08:02 +0000 2018,@Shell,0.0,0.723,0.277,Shell,0.3182,505
685,Wed Jan 10 21:04:43 +0000 2018,@Shell,0.0,1.0,0.0,Shell,0.0,506
686,Wed Jan 10 20:56:56 +0000 2018,@Shell,0.0,0.746,0.254,DeltaV,0.7783,507
687,Wed Jan 10 20:53:42 +0000 2018,@Shell,0.175,0.732,0.093,Shell,-0.25,508
688,Wed Jan 10 20:45:07 +0000 2018,@Shell,0.109,0.891,0.0,Shell,-0.296,509
689,Wed Jan 10 20:44:23 +0000 2018,@Shell,0.16,0.84,0.0,BP,-0.5859,510
690,Thu Jan 11 02:04:47 +0000 2018,@Shell,0.0,0.859,0.141,Dean Stan Blade ðŸ‡¨ðŸ‡¦,0.4215,511
691,Thu Jan 11 02:03:08 +0000 2018,@Shell,0.116,0.83,0.054,Bill de Blasio,-0.3578,512
692,Thu Jan 11 01:45:20 +0000 2018,@Shell,0.0,1.0,0.0,KTVU,0.0,513
693,Thu Jan 11 01:44:18 +0000 2018,@Shell,0.0,1.0,0.0,Dallas Goldtooth,0.0,514
694,Thu Jan 11 01:08:26 +0000 2018,@Shell,0.0,0.809,0.191,Shell,0.5423,515
695,Thu Jan 11 01:01:10 +0000 2018,@Shell,0.104,0.896,0.0,Chevron,-0.296,516
696,Wed Jan 10 23:36:44 +0000 2018,@Shell,0.0,1.0,0.0,Kashish Das Shrestha,0.0,517
697,Wed Jan 10 23:16:04 +0000 2018,@Shell,0.0,0.695,0.305,Heriot-Watt IPE,0.7845,518
698,Wed Jan 10 23:13:47 +0000 2018,@Shell,0.136,0.864,0.0,Shell,-0.296,519
699,Wed Jan 10 23:09:27 +0000 2018,@Shell,0.0,1.0,0.0,Shell,0.0,520
700,Wed Jan 10 23:07:27 +0000 2018,@Shell,0.0,0.774,0.226,Atiya Jaffar,0.6739,521
701,Wed Jan 10 22:53:43 +0000 2018,@Shell,0.122,0.878,0.0,Fossil Free Culture,-0.3612,522
702,Wed Jan 10 22:48:00 +0000 2018,@Shell,0.0,1.0,0.0,Shell,0.0,523
703,Wed Jan 10 22:43:42 +0000 2018,@Shell,0.0,0.774,0.226,Atiya Jaffar,0.6739,524
704,Wed Jan 10 22:41:29 +0000 2018,@Shell,0.094,0.726,0.179,Bill de Blasio,0.4588,525
705,Wed Jan 10 22:31:09 +0000 2018,@Shell,0.0,0.774,0.226,Atiya Jaffar,0.6739,526
706,Wed Jan 10 22:24:09 +0000 2018,@Shell,0.0,1.0,0.0,Shell,0.0,527
707,Wed Jan 10 22:23:49 +0000 2018,@Shell,0.0,1.0,0.0,Frank KÃ¶rver,0.0,528
708,Wed Jan 10 22:11:28 +0000 2018,@Shell,0.0,0.685,0.315,Leonardo DiCaprio,0.8327,529
709,Wed Jan 10 22:10:17 +0000 2018,@Shell,0.0,0.744,0.256,lenay,0.784,530
710,Wed Jan 10 22:08:04 +0000 2018,@Shell,0.104,0.896,0.0,C40 Cities,-0.296,531
711,Wed Jan 10 22:07:43 +0000 2018,@Shell,0.104,0.896,0.0,Mark Ruffalo,-0.296,532
712,Wed Jan 10 22:03:54 +0000 2018,@Shell,0.232,0.674,0.094,Richard Brooks,-0.5719,533
713,Wed Jan 10 21:56:34 +0000 2018,@Shell,0.123,0.877,0.0,Richard Brooks,-0.2023,534
714,Wed Jan 10 21:51:28 +0000 2018,@Shell,0.0,1.0,0.0,Ron Capps,0.0,535
715,Wed Jan 10 21:42:56 +0000 2018,@Shell,0.0,1.0,0.0,Physical Review Lett,0.0,536
716,Wed Jan 10 21:28:03 +0000 2018,@Shell,0.0,1.0,0.0,Shell,0.0,537
717,Wed Jan 10 21:14:40 +0000 2018,@Shell,0.166,0.834,0.0,Ike Teuling,-0.636,538
718,Wed Jan 10 21:08:02 +0000 2018,@Shell,0.0,0.723,0.277,Shell,0.3182,539
719,Wed Jan 10 21:04:43 +0000 2018,@Shell,0.0,1.0,0.0,Shell,0.0,540
720,Wed Jan 10 20:56:56 +0000 2018,@Shell,0.0,0.746,0.254,DeltaV,0.7783,541
721,Wed Jan 10 20:53:42 +0000 2018,@Shell,0.175,0.732,0.093,Shell,-0.25,542
722,Wed Jan 10 20:45:07 +0000 2018,@Shell,0.109,0.891,0.0,Shell,-0.296,543
723,Wed Jan 10 20:44:23 +0000 2018,@Shell,0.16,0.84,0.0,BP,-0.5859,544
724,Thu Jan 11 02:04:47 +0000 2018,@Shell,0.0,0.859,0.141,Dean Stan Blade ðŸ‡¨ðŸ‡¦,0.4215,545
725,Thu Jan 11 02:03:08 +0000 2018,@Shell,0.116,0.83,0.054,Bill de Blasio,-0.3578,546
726,Thu Jan 11 01:45:20 +0000 2018,@Shell,0.0,1.0,0.0,KTVU,0.0,547
727,Thu Jan 11 01:44:18 +0000 2018,@Shell,0.0,1.0,0.0,Dallas Goldtooth,0.0,548
728,Thu Jan 11 01:08:26 +0000 2018,@Shell,0.0,0.809,0.191,Shell,0.5423,549
729,Thu Jan 11 01:01:10 +0000 2018,@Shell,0.104,0.896,0.0,Chevron,-0.296,550
730,Wed Jan 10 23:36:44 +0000 2018,@Shell,0.0,1.0,0.0,Kashish Das Shrestha,0.0,551
731,Wed Jan 10 23:16:04 +0000 2018,@Shell,0.0,0.695,0.305,Heriot-Watt IPE,0.7845,552
732,Wed Jan 10 23:13:47 +0000 2018,@Shell,0.136,0.864,0.0,Shell,-0.296,553
733,Wed Jan 10 23:09:27 +0000 2018,@Shell,0.0,1.0,0.0,Shell,0.0,554
734,Wed Jan 10 23:07:27 +0000 2018,@Shell,0.0,0.774,0.226,Atiya Jaffar,0.6739,555
735,Wed Jan 10 22:53:43 +0000 2018,@Shell,0.122,0.878,0.0,Fossil Free Culture,-0.3612,556
736,Wed Jan 10 22:48:00 +0000 2018,@Shell,0.0,1.0,0.0,Shell,0.0,557
737,Wed Jan 10 22:43:42 +0000 2018,@Shell,0.0,0.774,0.226,Atiya Jaffar,0.6739,558
738,Wed Jan 10 22:41:29 +0000 2018,@Shell,0.094,0.726,0.179,Bill de Blasio,0.4588,559
739,Wed Jan 10 22:31:09 +0000 2018,@Shell,0.0,0.774,0.226,Atiya Jaffar,0.6739,560
740,Wed Jan 10 22:24:09 +0000 2018,@Shell,0.0,1.0,0.0,Shell,0.0,561
741,Wed Jan 10 22:23:49 +0000 2018,@Shell,0.0,1.0,0.0,Frank KÃ¶rver,0.0,562
742,Wed Jan 10 22:11:28 +0000 2018,@Shell,0.0,0.685,0.315,Leonardo DiCaprio,0.8327,563
743,Wed Jan 10 22:10:17 +0000 2018,@Shell,0.0,0.744,0.256,lenay,0.784,564
744,Wed Jan 10 22:08:04 +0000 2018,@Shell,0.104,0.896,0.0,C40 Cities,-0.296,565
745,Wed Jan 10 22:07:43 +0000 2018,@Shell,0.104,0.896,0.0,Mark Ruffalo,-0.296,566
746,Wed Jan 10 22:03:54 +0000 2018,@Shell,0.232,0.674,0.094,Richard Brooks,-0.5719,567
747,Wed Jan 10 21:56:34 +0000 2018,@Shell,0.123,0.877,0.0,Richard Brooks,-0.2023,568
748,Wed Jan 10 21:51:28 +0000 2018,@Shell,0.0,1.0,0.0,Ron Capps,0.0,569
749,Wed Jan 10 21:42:56 +0000 2018,@Shell,0.0,1.0,0.0,Physical Review Lett,0.0,570
750,Wed Jan 10 21:28:03 +0000 2018,@Shell,0.0,1.0,0.0,Shell,0.0,571
751,Wed Jan 10 21:14:40 +0000 2018,@Shell,0.166,0.834,0.0,Ike Teuling,-0.636,572
752,Wed Jan 10 21:08:02 +0000 2018,@Shell,0.0,0.723,0.277,Shell,0.3182,573
753,Wed Jan 10 21:04:43 +0000 2018,@Shell,0.0,1.0,0.0,Shell,0.0,574
754,Wed Jan 10 20:56:56 +0000 2018,@Shell,0.0,0.746,0.254,DeltaV,0.7783,575
755,Wed Jan 10 20:53:42 +0000 2018,@Shell,0.175,0.732,0.093,Shell,-0.25,576
756,Wed Jan 10 20:45:07 +0000 2018,@Shell,0.109,0.891,0.0,Shell,-0.296,577
757,Wed Jan 10 20:44:23 +0000 2018,@Shell,0.16,0.84,0.0,BP,-0.5859,578
758,Thu Jan 11 02:04:47 +0000 2018,@Shell,0.0,0.859,0.141,Dean Stan Blade ðŸ‡¨ðŸ‡¦,0.4215,579
759,Thu Jan 11 02:03:08 +0000 2018,@Shell,0.116,0.83,0.054,Bill de Blasio,-0.3578,580
760,Thu Jan 11 01:45:20 +0000 2018,@Shell,0.0,1.0,0.0,KTVU,0.0,581
761,Thu Jan 11 01:44:18 +0000 2018,@Shell,0.0,1.0,0.0,Dallas Goldtooth,0.0,582
762,Thu Jan 11 01:08:26 +0000 2018,@Shell,0.0,0.809,0.191,Shell,0.5423,583
763,Thu Jan 11 01:01:10 +0000 2018,@Shell,0.104,0.896,0.0,Chevron,-0.296,584
764,Wed Jan 10 23:36:44 +0000 2018,@Shell,0.0,1.0,0.0,Kashish Das Shrestha,0.0,585
765,Wed Jan 10 23:16:04 +0000 2018,@Shell,0.0,0.695,0.305,Heriot-Watt IPE,0.7845,586
766,Wed Jan 10 23:13:47 +0000 2018,@Shell,0.136,0.864,0.0,Shell,-0.296,587
767,Wed Jan 10 23:09:27 +0000 2018,@Shell,0.0,1.0,0.0,Shell,0.0,588
768,Wed Jan 10 23:07:27 +0000 2018,@Shell,0.0,0.774,0.226,Atiya Jaffar,0.6739,589
769,Wed Jan 10 22:53:43 +0000 2018,@Shell,0.122,0.878,0.0,Fossil Free Culture,-0.3612,590
770,Wed Jan 10 22:48:00 +0000 2018,@Shell,0.0,1.0,0.0,Shell,0.0,591
771,Wed Jan 10 22:43:42 +0000 2018,@Shell,0.0,0.774,0.226,Atiya Jaffar,0.6739,592
772,Wed Jan 10 22:41:29 +0000 2018,@Shell,0.094,0.726,0.179,Bill de Blasio,0.4588,593
773,Wed Jan 10 22:31:09 +0000 2018,@Shell,0.0,0.774,0.226,Atiya Jaffar,0.6739,594
774,Wed Jan 10 22:24:09 +0000 2018,@Shell,0.0,1.0,0.0,Shell,0.0,595
775,Wed Jan 10 22:23:49 +0000 2018,@Shell,0.0,1.0,0.0,Frank KÃ¶rver,0.0,596
776,Wed Jan 10 22:11:28 +0000 2018,@Shell,0.0,0.685,0.315,Leonardo DiCaprio,0.8327,597
777,Wed Jan 10 22:10:17 +0000 2018,@Shell,0.0,0.744,0.256,lenay,0.784,598
778,Wed Jan 10 22:08:04 +0000 2018,@Shell,0.104,0.896,0.0,C40 Cities,-0.296,599
779,Wed Jan 10 22:07:43 +0000 2018,@Shell,0.104,0.896,0.0,Mark Ruffalo,-0.296,600
780,Wed Jan 10 22:03:54 +0000 2018,@Shell,0.232,0.674,0.094,Richard Brooks,-0.5719,601
781,Wed Jan 10 21:56:34 +0000 2018,@Shell,0.123,0.877,0.0,Richard Brooks,-0.2023,602
782,Wed Jan 10 21:51:28 +0000 2018,@Shell,0.0,1.0,0.0,Ron Capps,0.0,603
783,Wed Jan 10 21:42:56 +0000 2018,@Shell,0.0,1.0,0.0,Physical Review Lett,0.0,604
784,Wed Jan 10 21:28:03 +0000 2018,@Shell,0.0,1.0,0.0,Shell,0.0,605
785,Wed Jan 10 21:14:40 +0000 2018,@Shell,0.166,0.834,0.0,Ike Teuling,-0.636,606
786,Wed Jan 10 21:08:02 +0000 2018,@Shell,0.0,0.723,0.277,Shell,0.3182,607
787,Wed Jan 10 21:04:43 +0000 2018,@Shell,0.0,1.0,0.0,Shell,0.0,608
788,Wed Jan 10 20:56:56 +0000 2018,@Shell,0.0,0.746,0.254,DeltaV,0.7783,609
789,Wed Jan 10 20:53:42 +0000 2018,@Shell,0.175,0.732,0.093,Shell,-0.25,610
790,Wed Jan 10 20:45:07 +0000 2018,@Shell,0.109,0.891,0.0,Shell,-0.296,611
791,Wed Jan 10 20:44:23 +0000 2018,@Shell,0.16,0.84,0.0,BP,-0.5859,612
792,Thu Jan 11 02:04:47 +0000 2018,@Shell,0.0,0.859,0.141,Dean Stan Blade ðŸ‡¨ðŸ‡¦,0.4215,613
793,Thu Jan 11 02:03:08 +0000 2018,@Shell,0.116,0.83,0.054,Bill de Blasio,-0.3578,614
794,Thu Jan 11 01:45:20 +0000 2018,@Shell,0.0,1.0,0.0,KTVU,0.0,615
795,Thu Jan 11 01:44:18 +0000 2018,@Shell,0.0,1.0,0.0,Dallas Goldtooth,0.0,616
796,Thu Jan 11 01:08:26 +0000 2018,@Shell,0.0,0.809,0.191,Shell,0.5423,617
797,Thu Jan 11 01:01:10 +0000 2018,@Shell,0.104,0.896,0.0,Chevron,-0.296,618
798,Wed Jan 10 23:36:44 +0000 2018,@Shell,0.0,1.0,0.0,Kashish Das Shrestha,0.0,619
799,Wed Jan 10 23:16:04 +0000 2018,@Shell,0.0,0.695,0.305,Heriot-Watt IPE,0.7845,620
800,Wed Jan 10 23:13:47 +0000 2018,@Shell,0.136,0.864,0.0,Shell,-0.296,621
801,Wed Jan 10 23:09:27 +0000 2018,@Shell,0.0,1.0,0.0,Shell,0.0,622
802,Wed Jan 10 23:07:27 +0000 2018,@Shell,0.0,0.774,0.226,Atiya Jaffar,0.6739,623
803,Wed Jan 10 22:53:43 +0000 2018,@Shell,0.122,0.878,0.0,Fossil Free Culture,-0.3612,624
804,Wed Jan 10 22:48:00 +0000 2018,@Shell,0.0,1.0,0.0,Shell,0.0,625
805,Wed Jan 10 22:43:42 +0000 2018,@Shell,0.0,0.774,0.226,Atiya Jaffar,0.6739,626
806,Wed Jan 10 22:41:29 +0000 2018,@Shell,0.094,0.726,0.179,Bill de Blasio,0.4588,627
807,Wed Jan 10 22:31:09 +0000 2018,@Shell,0.0,0.774,0.226,Atiya Jaffar,0.6739,628
808,Wed Jan 10 22:24:09 +0000 2018,@Shell,0.0,1.0,0.0,Shell,0.0,629
809,Wed Jan 10 22:23:49 +0000 2018,@Shell,0.0,1.0,0.0,Frank KÃ¶rver,0.0,630
810,Wed Jan 10 22:11:28 +0000 2018,@Shell,0.0,0.685,0.315,Leonardo DiCaprio,0.8327,631
811,Wed Jan 10 22:10:17 +0000 2018,@Shell,0.0,0.744,0.256,lenay,0.784,632
812,Wed Jan 10 22:08:04 +0000 2018,@Shell,0.104,0.896,0.0,C40 Cities,-0.296,633
813,Wed Jan 10 22:07:43 +0000 2018,@Shell,0.104,0.896,0.0,Mark Ruffalo,-0.296,634
814,Wed Jan 10 22:03:54 +0000 2018,@Shell,0.232,0.674,0.094,Richard Brooks,-0.5719,635
815,Wed Jan 10 21:56:34 +0000 2018,@Shell,0.123,0.877,0.0,Richard Brooks,-0.2023,636
816,Wed Jan 10 21:51:28 +0000 2018,@Shell,0.0,1.0,0.0,Ron Capps,0.0,637
817,Wed Jan 10 21:42:56 +0000 2018,@Shell,0.0,1.0,0.0,Physical Review Lett,0.0,638
818,Wed Jan 10 21:28:03 +0000 2018,@Shell,0.0,1.0,0.0,Shell,0.0,639
819,Wed Jan 10 21:14:40 +0000 2018,@Shell,0.166,0.834,0.0,Ike Teuling,-0.636,640
820,Wed Jan 10 21:08:02 +0000 2018,@Shell,0.0,0.723,0.277,Shell,0.3182,641
821,Wed Jan 10 21:04:43 +0000 2018,@Shell,0.0,1.0,0.0,Shell,0.0,642
822,Wed Jan 10 20:56:56 +0000 2018,@Shell,0.0,0.746,0.254,DeltaV,0.7783,643
823,Wed Jan 10 20:53:42 +0000 2018,@Shell,0.175,0.732,0.093,Shell,-0.25,644
824,Wed Jan 10 20:45:07 +0000 2018,@Shell,0.109,0.891,0.0,Shell,-0.296,645
825,Wed Jan 10 20:44:23 +0000 2018,@Shell,0.16,0.84,0.0,BP,-0.5859,646
826,Thu Jan 11 02:04:47 +0000 2018,@Shell,0.0,0.859,0.141,Dean Stan Blade ðŸ‡¨ðŸ‡¦,0.4215,647
827,Thu Jan 11 02:03:08 +0000 2018,@Shell,0.116,0.83,0.054,Bill de Blasio,-0.3578,648
828,Thu Jan 11 01:45:20 +0000 2018,@Shell,0.0,1.0,0.0,KTVU,0.0,649
829,Thu Jan 11 01:44:18 +0000 2018,@Shell,0.0,1.0,0.0,Dallas Goldtooth,0.0,650
830,Thu Jan 11 01:08:26 +0000 2018,@Shell,0.0,0.809,0.191,Shell,0.5423,651
831,Thu Jan 11 01:01:10 +0000 2018,@Shell,0.104,0.896,0.0,Chevron,-0.296,652
832,Wed Jan 10 23:36:44 +0000 2018,@Shell,0.0,1.0,0.0,Kashish Das Shrestha,0.0,653
833,Wed Jan 10 23:16:04 +0000 2018,@Shell,0.0,0.695,0.305,Heriot-Watt IPE,0.7845,654
834,Wed Jan 10 23:13:47 +0000 2018,@Shell,0.136,0.864,0.0,Shell,-0.296,655
835,Wed Jan 10 23:09:27 +0000 2018,@Shell,0.0,1.0,0.0,Shell,0.0,656
836,Wed Jan 10 23:07:27 +0000 2018,@Shell,0.0,0.774,0.226,Atiya Jaffar,0.6739,657
837,Wed Jan 10 22:53:43 +0000 2018,@Shell,0.122,0.878,0.0,Fossil Free Culture,-0.3612,658
838,Wed Jan 10 22:48:00 +0000 2018,@Shell,0.0,1.0,0.0,Shell,0.0,659
839,Wed Jan 10 22:43:42 +0000 2018,@Shell,0.0,0.774,0.226,Atiya Jaffar,0.6739,660
840,Wed Jan 10 22:41:29 +0000 2018,@Shell,0.094,0.726,0.179,Bill de Blasio,0.4588,661
841,Wed Jan 10 22:31:09 +0000 2018,@Shell,0.0,0.774,0.226,Atiya Jaffar,0.6739,662
842,Wed Jan 10 22:24:09 +0000 2018,@Shell,0.0,1.0,0.0,Shell,0.0,663
843,Wed Jan 10 22:23:49 +0000 2018,@Shell,0.0,1.0,0.0,Frank KÃ¶rver,0.0,664
844,Wed Jan 10 22:11:28 +0000 2018,@Shell,0.0,0.685,0.315,Leonardo DiCaprio,0.8327,665
845,Wed Jan 10 22:10:17 +0000 2018,@Shell,0.0,0.744,0.256,lenay,0.784,666
846,Wed Jan 10 22:08:04 +0000 2018,@Shell,0.104,0.896,0.0,C40 Cities,-0.296,667
847,Wed Jan 10 22:07:43 +0000 2018,@Shell,0.104,0.896,0.0,Mark Ruffalo,-0.296,668
848,Wed Jan 10 22:03:54 +0000 2018,@Shell,0.232,0.674,0.094,Richard Brooks,-0.5719,669
849,Wed Jan 10 21:56:34 +0000 2018,@Shell,0.123,0.877,0.0,Richard Brooks,-0.2023,670
850,Wed Jan 10 21:51:28 +0000 2018,@Shell,0.0,1.0,0.0,Ron Capps,0.0,671
851,Wed Jan 10 21:42:56 +0000 2018,@Shell,0.0,1.0,0.0,Physical Review Lett,0.0,672
852,Wed Jan 10 21:28:03 +0000 2018,@Shell,0.0,1.0,0.0,Shell,0.0,673
853,Wed Jan 10 21:14:40 +0000 2018,@Shell,0.166,0.834,0.0,Ike Teuling,-0.636,674
854,Wed Jan 10 21:08:02 +0000 2018,@Shell,0.0,0.723,0.277,Shell,0.3182,675
855,Wed Jan 10 21:04:43 +0000 2018,@Shell,0.0,1.0,0.0,Shell,0.0,676
856,Wed Jan 10 20:56:56 +0000 2018,@Shell,0.0,0.746,0.254,DeltaV,0.7783,677
857,Wed Jan 10 20:53:42 +0000 2018,@Shell,0.175,0.732,0.093,Shell,-0.25,678
858,Wed Jan 10 20:45:07 +0000 2018,@Shell,0.109,0.891,0.0,Shell,-0.296,679
859,Wed Jan 10 20:44:23 +0000 2018,@Shell,0.16,0.84,0.0,BP,-0.5859,680
